fighter,elo
Jon Jones,1849.7986449448842
Georges St-Pierre,1800.495144257842
Islam Makhachev,1767.7346275176174
Khabib Nurmagomedov,1721.4575747262804
Amanda Nunes,1719.847248441695
Valentina Shevchenko,1714.9287364587747
Merab Dvalishvili,1699.6659559142436
Demetrious Johnson,1699.4938213854666
Kamaru Usman,1692.2908236331616
Aljamain Sterling,1686.1800300127402
Ilia Topuria,1683.26807951651
Alexandre Pantoja,1681.9924207446725
Alexander Volkanovski,1681.9117219766163
Max Holloway,1681.2961586375382
Belal Muhammad,1680.9903490982294
Francis Ngannou,1678.8997838731839
Magomed Ankalaev,1676.5827249307083
Stipe Miocic,1665.4378620610112
Leon Edwards,1663.7829510068032
Zhang Weili,1663.450386997885
Khamzat Chimaev,1663.3457448776817
Charles Oliveira,1662.8874669827105
Dricus Du Plessis,1654.0334127757235
Daniel Cormier,1646.915524320695
Lerone Murphy,1646.0669151228017
Dustin Poirier,1644.712619898487
Jack Della Maddalena,1644.3051605871217
Alex Pereira,1643.991573160939
Movsar Evloev,1643.7553235407424
Beneil Dariush,1642.297436338272
Ryan Bader,1641.7787019627094
Jon Fitch,1639.7229272251773
Ciryl Gane,1636.78741602947
Cain Velasquez,1635.829495193632
Tom Aspinall,1634.920136234743
Benson Henderson,1633.6703985942877
Michael Bisping,1633.5955758880611
Curtis Blaydes,1629.5143806999654
Grant Dawson,1627.8081072967614
Tj Dillashaw,1627.5007614442552
Robert Whittaker,1625.1444100627182
Arnold Allen,1625.1282860753029
Song Yadong,1624.9584727622785
Shavkat Rakhmonov,1623.8763960742524
Royce Gracie,1623.4259026839488
Sean Brady,1623.3955475324367
Mario Bautista,1622.0651524773743
Arman Tsarukyan,1621.9550359729708
Brendan Allen,1621.13694252329
Israel Adesanya,1619.8894935641172
Ian Machado Garry,1619.8853070119796
Sean O'Malley,1619.8212002823211
Dong Hyun Kim,1618.427446340465
Randy Brown,1616.9108435936312
Petr Yan,1616.5647821763835
Francisco Trinaldo,1616.510742022659
Anthony Hernandez,1616.1421386292056
Conor Mcgregor,1615.1028245977889
Don Frye,1614.9569574466832
Matt Hughes,1614.8366774027345
Cory Sandhagen,1614.7641504943706
Justin Gaethje,1613.122594692825
Henry Cejudo,1612.6679753927149
Rose Namajunas,1612.4903553194883
Sean Strickland,1612.404243767222
Brandon Moreno,1612.281341698317
Nassourdine Imavov,1611.8032243108894
Neil Magny,1611.6367982507827
Alexander Volkov,1610.7818663687876
Jailton Almeida,1609.401266521548
Carlos Ulberg,1608.997882396576
Frank Shamrock,1608.8829676450878
Michael Chiesa,1608.850438707729
Gegard Mousasi,1608.6599528207646
Vicente Luque,1608.5521574050329
Demian Maia,1608.4433984735817
Randy Couture,1607.8588522192108
Glover Teixeira,1606.0907422404023
Paddy Pimblett,1605.8552621889821
Natalia Silva,1605.6277305913954
Montel Jackson,1605.2653062364336
John Lineker,1604.8644491712669
Colby Covington,1604.370885649103
Maycee Barber,1603.142358349481
Joaquin Buckley,1602.2420397706442
Muhammad Mokaev,1601.995287891457
Derrick Lewis,1601.5533063054322
Rustam Khabilov,1601.3394861508411
Michael Morales,1601.2740425482405
Dan Hooker,1601.220557421307
Drakkar Klose,1600.3072740176033
Jake Matthews,1599.8716862128856
Chuck Liddell,1599.3935115117492
Fabricio Werdum,1597.8858680451854
Derek Brunson,1597.7818207451821
Erin Blanchfield,1597.6163392131261
Deiveson Figueiredo,1597.3790303843596
Joshua Van,1597.1553125273667
Norma Dumont,1596.293930542303
Raquel Pennington,1596.147349024626
Yair Rodriguez,1595.9939278955592
Anthony Johnson,1595.455704818476
Mateusz Gamrot,1594.3200455961894
Manon Fiorot,1593.8454000668614
Lyoto Machida,1593.629305405756
Daniel Rodriguez,1592.9365250903056
Nasrat Haqparast,1592.823516110111
Pat Miletich,1591.8245329518809
Jasmine Jasudavicius,1591.6229760832748
Gregor Gillespie,1590.8694455679065
Caio Borralho,1590.6997871405085
Anderson Silva,1590.2857747973076
Tatiana Suarez,1589.4533560392094
Zabit Magomedsharipov,1589.4498136541865
Forrest Griffin,1588.1571165281139
Chris Gutierrez,1587.8808711296965
Virna Jandiroba,1587.673012683178
Gillian Robertson,1587.1348489931358
Sergei Pavlovich,1586.7621093368086
Jose Aldo,1586.337581398738
Cristiane Justino,1586.3162186049979
Tj Grant,1586.2673003528212
Tatsuro Taira,1585.7656990428088
Rich Franklin,1585.047811868139
Robbie Lawler,1584.1081181186844
Dominick Cruz,1584.070388163398
Junyong Park,1583.6852285304512
Bryce Mitchell,1583.6255410026113
Muslim Salikhov,1583.5749843664612
Zak Cummings,1583.2721508078887
Rob Font,1583.1977345355563
Alonzo Menifield,1582.8144246725867
Joseph Benavidez,1581.4727199998702
Kyoji Horiguchi,1580.891058938233
Renato Moicano,1580.8282683828506
Martin Buday,1580.8041226412602
Nathaniel Wood,1580.5211283011834
Aiemann Zahabi,1580.4960619708065
Jean Silva,1580.3503838010267
Joel Alvarez,1580.3488811539219
Rinat Fakhretdinov,1579.9793045786694
Matthew Riddle,1579.9599681034629
Azamat Murzakanov,1579.8931458754082
Marlon Vera,1579.5413959222524
Chepe Mariscal,1578.4963704274664
Tyron Woodley,1577.9873526424515
Josh Barnett,1577.9751591319246
James Krause,1577.8941362815142
Julianna Pena,1577.5655370350173
Steve Garcia,1577.5507732586384
Fares Ziam,1577.2505875447591
Elias Theodorou,1577.135972730965
Nate Diaz,1577.0194945822386
Umar Nurmagomedov,1576.993365495466
Gilbert Burns,1576.9691523324846
Tim Sylvia,1576.5341981717559
Dominick Reyes,1576.5213363404107
Roman Dolidze,1576.5046046548252
Corey Anderson,1576.4215813702954
Marcin Tybura,1576.2656172128973
Oleg Taktarov,1576.2547966678212
Gregory Rodrigues,1575.827032078258
Alistair Overeem,1575.5394621532082
Omari Akhmedov,1575.0994670822122
Michel Prazeres,1575.0405729786964
Tracy Cortez,1575.0160366275668
Mark Kerr,1574.9546708920116
Tagir Ulanbekov,1574.7879419828007
Rick Story,1574.6570884523633
Ricky Simon,1574.1764145738755
Ronda Rousey,1573.8649528604083
Josh Emmett,1573.8505488101262
Jonathan Martinez,1573.5000263815596
Chris Weidman,1573.476167588868
Shane Burgos,1573.2912434633938
Bryan Battle,1573.1660559808251
Ludovit Klein,1573.0900346987673
Carlos Prates,1572.7507733598804
Reinier De Ridder,1572.5096074133812
Yushin Okami,1572.459067889306
Matt Lindland,1572.3955909096737
Anthony Pettis,1571.7236377718962
Phil Davis,1571.1547730699663
Pat Sabatini,1571.1334472391634
Erik Perez,1570.9854423091172
Amanda Lemos,1570.842157411328
John Hathaway,1570.74094479072
Mairbek Taisumov,1570.696792299115
Waldo Cortes-Acosta,1570.1897514920418
Rafael Dos Anjos,1570.0540119925186
Dan Severn,1569.9560294631458
Rory Macdonald,1569.8572090485015
Ricardo Lamas,1569.7885554452232
Elizeu Zaleski Dos Santos,1569.5697594195415
Ryan Hall,1569.4750259853724
Yoel Romero,1569.2479914550877
Jan Blachowicz,1569.0420047240145
Gabriel Bonfim,1568.8736125169787
Giga Chikadze,1568.8105250861524
Ketlen Vieira,1568.8061464252078
Benoit Saint Denis,1568.5749612591123
Vinicius Oliveira,1568.3523038440467
Darren Elkins,1567.9070645296167
Junior Dos Santos,1567.7489304352496
Jared Gordon,1566.8963817074352
Loma Lookboonmee,1566.5793860848123
Mackenzie Dern,1566.4653189037367
Sean Sherk,1566.354025119419
Kenny Florian,1566.2695896557357
Cub Swanson,1566.128572024071
Krzysztof Jotko,1565.9318422279557
Raoni Barcelos,1565.8545801576397
David Onama,1565.8004173208112
Germaine De Randamie,1565.7601624132978
Katlyn Cerminara,1565.6456044103966
Rashid Magomedov,1565.2860333966266
Carla Esparza,1564.7582034589916
Matt Hamill,1564.6171384815364
Diego Ferreira,1564.3406081846153
Mike Malott,1564.1796686632952
Kayla Harrison,1564.0429885571627
Yan Xiaonan,1563.6331668430412
Farid Basharat,1563.0561226012728
Brian Ortega,1563.0550720332528
Martin Kampmann,1563.0214095930814
David Teymur,1562.8825576989427
Andre Petroski,1562.5514483969334
Tabatha Ricci,1562.421745189407
Joe Pyfer,1562.304982223896
Anthony Rocco Martin,1562.1394354159502
Jack Hermansson,1561.7844428469966
Chris Duncan,1561.6694888778384
Thiago Silva,1561.63952119879
Johnny Walker,1561.1944932868737
Jim Miller,1561.0204427773544
Jacqueline Cavalcanti,1560.9627219463457
Ailin Perez,1560.9170898599643
Jordan Johnson,1560.8921190907163
Jiri Prochazka,1560.3301158267002
Enrique Barzola,1560.168624330287
Asu Almabayev,1560.1351085506055
Loopy Godinez,1560.0630381100214
William Gomis,1559.8093187177894
Andre Lima,1559.7671193335975
Amir Albazi,1559.545325714069
Jens Pulver,1559.0938504709463
Muhammad Naimov,1559.0123120658754
Ryan Laflare,1558.909490226888
Gunnar Nelson,1558.8711691668602
Diego Lopes,1558.7872427076509
Karine Silva,1558.6288043674456
Marcos Rogerio De Lima,1558.4632134590818
Dustin Jacoby,1558.170758737533
Mike Pierce,1557.7415617683089
Shara Magomedov,1557.5845901943592
Rafael Fiziev,1557.406583729893
Miranda Maverick,1557.297337926225
Macy Chiasson,1557.0946892180086
Thales Leites,1557.0351174657935
Alexandr Romanov,1556.9316333503346
Taylor Lapilus,1556.8189150739233
Rousimar Palhares,1556.7678595029574
Geoff Neal,1556.735736729286
Raul Rosas Jr.,1556.6175828945982
Quinton Jackson,1556.393866292694
Paul Felder,1556.3497540275048
Manel Kape,1556.2019112113578
Jared Cannonier,1555.9988395929988
Sergio Pettis,1555.8323069268947
Jared Rosholt,1555.79640731975
Sage Northcutt,1555.5394999548796
Chase Hooper,1555.5260870704694
Mairon Santos,1555.1505864033738
Tecia Pennington,1554.7588520468762
Sean Woodson,1554.6480595759033
Chas Skelly,1554.572181383453
Frankie Edgar,1554.4873119574345
Melquizael Costa,1554.4232398172487
Michel Pereira,1554.3614032953592
Brandon Royval,1554.2322989698791
Tito Ortiz,1554.0619314390262
Johny Hendricks,1554.038539329199
Murilo Bustamante,1553.78424185387
Vitor Belfort,1553.6444375883186
Kelvin Gastelum,1553.0878716503562
Edson Barboza,1553.0870622562484
Paulo Costa,1552.9890835839421
Santiago Ponzinibbio,1552.8192224568995
Mike Swick,1552.7167315914296
Roger Huerta,1552.6437390639542
Suyoung You,1552.5192452897738
Joanna Jedrzejczyk,1552.2145208326288
Jairzinho Rozenstruik,1552.1128429675564
Khalil Rountree Jr.,1551.9215369328629
Raphael Assuncao,1551.2507879120412
Chris Curtis,1551.2426967371343
Thiago Santos,1551.1367252772404
Li Jingliang,1551.0073500568053
Stephen Thompson,1550.7591211189365
Nate Quarry,1550.7390187103615
Bogdan Guskov,1550.501109710759
Myles Jury,1550.228239717533
Askar Askarov,1549.9707678267314
Diego Sanchez,1549.729182735831
Victor Henry,1549.5268376115519
Rashad Evans,1549.480821175717
Chad Mendes,1549.475986353106
Modestas Bukauskas,1549.3549970754602
Iasmin Lucindo,1548.897254792043
Melvin Guillard,1548.7608468211013
Guy Mezger,1548.6229433546055
Karol Rosa,1548.1881964851632
Ruslan Magomedov,1548.1215655129974
Kevin Holland,1548.110635684894
Sam Patterson,1548.0356076228522
Denise Gomes,1547.9548642872908
Marcus Mcghee,1547.9479546986165
Ignacio Bahamondes,1547.805880262474
Alan Belcher,1547.771115983689
Jaqueline Amorim,1547.4967205376015
Matt Mitrione,1547.3872199973925
Rinya Nakamura,1547.3857107554345
James Vick,1547.3665899768744
Nursulton Ruziboev,1546.9922532595274
Mike Davis,1546.9888405649654
Tony Ferguson,1546.7348282069051
Mark Munoz,1546.635403998395
Rafael Estevam,1546.6209534332343
Rani Yahya,1546.4873737177454
Matt Brown,1546.4237851584508
Andre Muniz,1546.1933491353275
Nazim Sadykhov,1546.1682604689788
Brett Johns,1546.1674114524333
Manuel Torres,1546.1249122796619
Alexa Grasso,1546.052994520677
Mick Parkin,1546.0425685693274
Mark Bocek,1546.0364864336598
Edmen Shahbazyan,1545.9753676099938
Youssef Zalal,1545.91910509625
Rodolfo Bellato,1545.5917137133893
Makhmud Muradov,1545.5857648726692
Payton Talbott,1545.5179891542073
Christian Leroy Duncan,1545.353573728923
Alexander Hernandez,1545.3312243502237
Cheick Kongo,1545.125309629367
Jorge Masvidal,1544.761631160528
Nik Lentz,1544.7298132026442
Brunno Ferreira,1544.706144383592
Jimmie Rivera,1544.6107788498464
Norman Parke,1544.4075220467087
Jeff Molina,1544.399634595427
Justin Willis,1544.3666390268136
Chris Padilla,1544.2810251627393
Chan Sung Jung,1544.0977919457407
Luana Santos,1544.091744441441
Marquel Mederos,1544.0731601340983
Leonardo Santos,1544.0059267292722
Evan Dunham,1543.9305272310332
Jj Aldrich,1543.8152458828013
Michael Page,1543.7117720809315
Brad Tavares,1543.5096608522076
Kyung Ho Kang,1543.3821775482215
Bo Nickal,1543.0525242451772
Rodolfo Vieira,1542.9885933937085
Abus Magomedov,1542.957082354637
Gray Maynard,1542.9540302315197
Urijah Faber,1542.93417608188
Stevie Ray,1542.859049576671
Nate Maness,1542.7733143209555
Damir Ismagulov,1542.3322871650487
Alan Jouban,1542.2754701110239
Kevin Lee,1541.9955223546995
Kyler Phillips,1541.6066736844348
Abel Trujillo,1541.5627378256177
Ricco Rodriguez,1541.5213734381698
Bas Rutten,1541.4512942033907
Said Nurmagomedov,1541.4342852491761
Alex Caceres,1541.3608320443109
Evan Tanner,1541.1689244629576
Dennis Siver,1541.1290851293652
Pedro Rizzo,1541.1086917407245
Joselyne Edwards,1540.979969907871
Ikram Aliskerov,1540.7795283885655
Patrick Smith,1540.741103178102
Jerry Bohlander,1540.4400269494652
Irene Aldana,1540.4375397158958
Terrance Mckinney,1540.3959790240006
Chris Wade,1540.3943487888716
Michal Oleksiejczuk,1540.1582444526287
Serghei Spivac,1540.1409656364194
Al Iaquinta,1540.12259183472
Jon Madsen,1540.0225843599396
Vitor Petrino,1539.7989458153054
Laverne Clark,1539.6913918787595
Jessica Andrade,1539.5968313877956
Alatengheili,1539.2058190288674
Adrian Yanez,1539.0856816553326
Davey Grant,1539.0784013556238
Uriah Hall,1538.9093010201827
Chris Holdsworth,1538.8359327072899
Casey O'Neill,1538.8221969293718
Francis Carmont,1538.7060367010429
Jussier Formiga,1538.5985316923247
Dan Hardy,1538.428234898821
Luke Rockhold,1538.4088270037796
Donald Cerrone,1537.951600849978
Aaron Simpson,1537.7852589803695
Dustin Ortiz,1537.7472414097663
Luana Carolina,1537.622550180216
Sean Pierson,1537.3627908275555
Nikita Krylov,1537.3579390733844
Alejandro Perez,1537.0576803577503
Shane Carwin,1537.0120451137423
Ryan Spann,1536.8800138437048
Hyunsung Park,1536.6262797275656
Aleksandar Rakic,1536.423407142275
Esteban Ribovics,1536.3799578976332
Charles Johnson,1536.2234530614828
Jacare Souza,1536.090825359315
Travis Browne,1536.0857608262397
Michael Mcdonald,1536.041804594618
Jack Shore,1535.9254281059243
Darren Till,1535.5973837616223
Marco Ruas,1535.1615246726533
Cezar Ferreira,1535.0821504376554
Roman Kopylov,1534.8532452737559
Diego Brandao,1534.647146802124
Ilir Latifi,1534.5906798437227
Josh Koscheck,1534.504510373726
Karo Parisyan,1534.3748129760468
Matheus Nicolau,1534.3542823150965
Shamil Gaziev,1534.3531223131888
Daniel Santos,1534.3367449120963
Daniel Marcos,1534.3315878332446
Casey Kenney,1534.2767155582305
Chael Sonnen,1534.1351108200186
Jean Matsumoto,1534.1317866692416
Allan Nascimento,1534.1271250766704
Joanderson Brito,1534.0086900327533
Philipe Lins,1533.8562996463534
Myktybek Orolbai,1533.835027244437
Kurt Pellegrino,1533.6752155456234
Themba Gorimbo,1533.6124156670282
Miles Johns,1533.6072188429137
Krzysztof Soszynski,1533.4747203437812
Renato Sobral,1533.222328128012
Mason Jones,1533.2030682238155
Kai Kara-France,1533.1706292038373
Michael Johnson,1533.149970903292
Azamat Bekoev,1533.069037941696
Shawn Jordan,1533.0521631368024
Mark Madsen,1532.9347643399772
Ramazan Temirov,1532.8927394379407
Adlan Amagov,1532.791031980545
Jhonata Diniz,1532.7433912738745
Jose Delgado,1532.7274142789079
Julian Erosa,1532.6920781104404
John Dodson,1532.4210710207437
Dan Ige,1532.2738534647463
Nurullo Aliev,1532.2684177499077
Eduarda Moura,1532.2558192291162
Gleison Tibau,1532.2308784693923
Quillan Salkilld,1532.2084423024876
Jacobe Smith,1532.2035911748465
Ray Borg,1532.17801820118
Da'Mon Blackshear,1532.1331276725655
Phillip Miller,1531.9947895722423
Volkan Oezdemir,1531.9923462284928
Brady Hiestand,1531.9826580576628
Arjan Bhullar,1531.8717884654104
Drew Dober,1531.8560184289056
Kevin Vallejos,1531.7121477984988
Cody Garbrandt,1531.7003124115763
Oumar Sy,1531.6042911638237
Zhang Mingyang,1531.4844938476929
Dean Lister,1531.398489298719
Charlie Campbell,1531.2783974897377
Don Madge,1531.263693206478
Joel Sutton,1531.263693206478
Jacob Volkmann,1531.2229701886818
Mateusz Rebecki,1531.1902868135442
Kaue Fernandes,1531.105066988277
Mauricio Ruffy,1531.0755052090533
Ian Freeman,1531.0389960520492
Brock Lesnar,1531.0244228416802
Claude Patrick,1531.0186146220574
Hyder Amil,1530.9914170116635
Thiago Tavares,1530.9831688784507
Chris Lytle,1530.8915245623937
Tom Nolan,1530.867271410953
Marvin Vettori,1530.7973637608216
Eddie Alvarez,1530.7417174170682
George Sotiropoulos,1530.7296005868775
Frank Mir,1530.6651025659694
Edimilson Souza,1530.6508212913352
Valter Walker,1530.5744093773606
Alex Hunter,1530.528948084379
Changho Lee,1530.5274468876069
Piera Rodriguez,1530.4671286347607
Malcolm Wellmaker,1530.4108444450999
Bryan Caraway,1530.2782986874754
Marcus Davis,1530.2437521427262
Alberto Mina,1530.239484489799
Claudia Gadelha,1530.1047776662608
Luis Saldana,1530.089058651893
Ronnie Lawrence,1529.9842478534047
Jeremy Kennedy,1529.9640446878195
Viscardi Andrade,1529.9323009948323
Julio Arce,1529.8365132549313
Ron Waterman,1529.8289056700019
Marco Tulio,1529.7704619437143
Navajo Stirling,1529.7384422890832
Luis Pena,1529.6949312526776
Jeremiah Wells,1529.6644369597268
Rafael Natal,1529.6132734760192
Cesar Almeida,1529.522507401012
Uros Medic,1529.4875014753259
Sam Hughes,1529.4603843119792
Rodrigo Nascimento,1529.4481887785666
John Moraga,1529.4022844015267
Tom Breese,1529.3929316725864
Alex Perez,1529.3776475563338
Constantinos Philippou,1529.3508081427772
Khaos Williams,1529.2446952947994
Sodiq Yusuff,1529.194394169421
Wang Cong,1528.9169928485594
Ateba Gautier,1528.7894486862738
Albert Tumenov,1528.718141433697
Elijah Smith,1528.6168909964615
Rafa Garcia,1528.5454099907347
Magnus Cedenblad,1528.4981638944907
Hakeem Dawodu,1528.1011492958226
Desmond Green,1527.9838196911824
Gerald Harris,1527.729526119354
Brian Ebersole,1527.7127525219937
Ramazan Emeev,1527.70996822335
Dennis Bermudez,1527.656816094907
Daniel Kelly,1527.563353983867
Oban Elliott,1527.5068202836176
Jamahal Hill,1527.3761694705458
Vladimir Matyushenko,1527.2514920340157
Nicolae Negumereanu,1527.235349792678
Stephan Bonnar,1527.133969712826
King Green,1527.129289552997
Mike Russow,1527.1006732673811
Jordan Leavitt,1526.892883492526
Maurice Smith,1526.7404619830559
Mohammed Usman,1526.40472438685
Karl Williams,1526.19409631581
Kevin Randleman,1526.0947674369686
Ben Rothwell,1525.9618551559258
Lorenz Larkin,1525.7230030005999
Chad Laprise,1525.6654741490165
Vinc Pichel,1525.4271955520958
Alexander Gustafsson,1525.297819402016
Johnny Case,1525.2424277946077
Wilson Gouveia,1525.0715088606783
Robert Peralta,1524.943344004564
Joe Lauzon,1524.7651440396617
Mark Coleman,1524.6451265839396
Cathal Pendred,1524.6212900858688
Phil Rowe,1524.600286552207
Thiago Moises,1524.556200263511
Tim Kennedy,1524.1915634881348
Ricardo Almeida,1524.007522192809
Shi Ming,1524.0
Donghun Choi,1524.0
Nordine Taleb,1523.9807398404494
Alex Morono,1523.8176034832377
Sergio Moraes,1523.7307602326468
Paul Daley,1523.5167487737094
Mirsad Bektic,1523.498397882862
Claudio Puelles,1523.4491580011743
Jordan Mein,1523.4437816077937
Cb Dollaway,1523.3957506108204
Kennedy Nzechukwu,1523.2451153420864
John Makdessi,1523.0327504897375
Jorge Rivera,1522.938803687856
Anthony Smith,1522.2447104321511
Nick Diaz,1522.136488822966
Juan Espino,1521.9682115119965
Nina Nunes,1521.8191319327655
Claudio Silva,1521.6993177186564
Takeya Mizugaki,1521.654255040858
Steve Jennum,1521.3764046664548
Andre Fili,1521.2955555716544
Tim Elliott,1521.0995185328975
Thiago Alves,1520.8600577740992
Michael Trizano,1520.7961475967195
Yana Santos,1520.7276873152352
Mayra Bueno Silva,1520.3912018594647
Ante Delija,1520.3375335842923
Curtis Millender,1520.3243989785417
Felipe Lima,1520.2501917819511
Kenichi Yamamoto,1520.1736991555981
Taila Santos,1520.1665663798542
Jalin Turner,1520.0948784139473
Jacob Malkoun,1520.076639353252
Nicolas Dalby,1519.9990782637644
Douglas Silva De Andrade,1519.9455539831672
Chidi Njokuani,1519.8268112776323
Lauren Murphy,1519.795912696458
Matt Serra,1519.742118142814
Morgan Charriere,1519.7158773009728
Sara Mcmann,1519.572660221446
Sergey Khandozhko,1519.4678042077576
Saidyokub Kakhramonov,1519.4670362025904
Viviane Araujo,1519.4515137262572
Lucas Martins,1519.1593446131697
Kajan Johnson,1519.0521628020808
Drew Fickett,1518.9255639528194
Adriano Martins,1518.7804879108312
Antonio Carlos Junior,1518.7641660471695
Davi Ramos,1518.763639546161
Ed Herman,1518.7030420268034
Tyson Griffin,1518.6610760630633
Iuri Alcantara,1518.5908941184339
Cody Brundage,1518.581365155663
Olivier Aubin-Mercier,1518.4969327110161
Fatima Kline,1518.3948575496456
Maiquel Falcao,1518.0982942088476
Seokhyeon Ko,1518.087735817053
Daria Zhelezniakova,1518.0548899789499
Joanne Wood,1517.894487180798
Khalid Murtazaliev,1517.8924935229118
Serhiy Sidey,1517.4613050460032
Sergey Morozov,1517.4317013575912
Sanae Kikuta,1517.4037778232891
Nikolas Motta,1517.3135988096994
Dooho Choi,1517.2653877608168
Timothy Johnson,1517.1883980696489
Mark Hall,1517.1676219979918
Ricardo Ramos,1517.0793711505075
Remco Pardoel,1517.064439279317
Carlston Harris,1516.9283408045553
Lee Murray,1516.7701293201412
Jonathan Micallef,1516.7642594550503
Dmitry Sosnovskiy,1516.758394621352
Ikuhisa Minowa,1516.736306793522
Leslie Smith,1516.7163609547854
Jamey-Lyn Horth,1516.677371555906
Jonny Parsons,1516.6692994923762
Trey Waters,1516.610650740189
Steve Bosse,1516.5713582446117
Talita Alencar,1516.5560760665871
Pedro Nobre,1516.5544736720076
Javier Vazquez,1516.5494328358268
Gabriella Fernandes,1516.4703483187338
Mark Schultz,1516.419135120293
Jonathan Pearce,1516.3875688325702
Magomed Mustafaev,1516.3536175124084
Brad Riddell,1516.3034754057965
Alexia Thainara,1516.183789571538
Islam Dulatov,1516.1254695960988
Steve Erceg,1516.1120616966525
Isaac Dulgarian,1516.0869659917491
Ali Bagautinov,1516.0819418321582
Ramiz Brahimaj,1516.0112225906594
Mark Hughes,1516.0
Ben Earwood,1516.0
Yoshiki Takahashi,1516.0
Frank Hamaker,1516.0
Justin Martin,1516.0
Bob Cook,1516.0
Tom Murphy,1516.0
Scott Adams,1516.0
Onassis Parungao,1516.0
Tulio Palhares,1516.0
Jon Hess,1516.0
Ron Faircloth,1516.0
Jonathan Wiezorek,1516.0
Cesar Marscucci,1516.0
Enson Inoue,1516.0
Alfonso Alcarez,1516.0
Marcelo Mello,1516.0
Sione Latu,1516.0
Logan Clark,1516.0
Baisangur Susurkaev,1516.0
Rafael Carino,1516.0
Aleksandre Topuria,1516.0
Danny Silva,1515.9573776724876
Wang Guan,1515.859260821431
Levan Makashvili,1515.775452921482
Carlos Felipe,1515.719425683283
Dan Henderson,1515.6932850642602
Nora Cornolle,1515.6784264105522
Paul Sass,1515.6781317189054
David Terrell,1515.6478455533922
Brian Foster,1515.631528402366
Scott Ferrozzo,1515.5778496246858
Jake Shields,1515.556300338329
Evan Elder,1515.5099008703573
Clayton Carpenter,1515.3533892796922
Mark Robinson,1515.3274094271715
Genki Sudo,1515.2976013366472
Austin Vanderford,1515.2974036487792
Cj Fernandes,1515.263693206478
Michael Graves,1515.2324701921634
Tyrone Roberts,1515.2317254263837
Aspen Ladd,1515.1995826920772
Ariane Carnelossi,1515.1384480959468
Tom Lawlor,1515.0585051251617
Ebenezer Fontes Braga,1515.0504358869375
Hamdy Abdelwahab,1515.034362536594
Punahele Soriano,1515.00065880299
Caio Magalhaes,1514.96341489408
Matt Wiman,1514.9408008267906
Steve Nelmark,1514.933881973221
Royston Wee,1514.9292364998362
Augusto Sakai,1514.9117434711604
Joosang Yoo,1514.8974958641145
Torrez Finney,1514.8965137687414
Joe Solecki,1514.827058794349
Mario Pinto,1514.763155254702
Tainara Lisboa,1514.7017657246417
Melissa Gatto,1514.690216310277
Melsik Baghdasaryan,1514.6750823956384
Andre Roberts,1514.6604340161314
Tom Duquesnoy,1514.6410141972008
Johnny Rhodes,1514.5950719527063
Carli Judice,1514.5948394811865
Abdul-Kerim Edilov,1514.594688861952
Jeff Monson,1514.5815398321924
David Martinez,1514.5666299912705
Taiyilake Nueraji,1514.5641481572259
Yadier Del Valle,1514.501344159002
Danny Barlow,1514.472159370482
Jesus Aguilar,1514.4671900811559
Tim Boetsch,1514.4663891004254
Marina Rodriguez,1514.4658590597303
Amanda Ribas,1514.292739964926
Ronny Markes,1514.2245137639175
Brian Stann,1514.2003029212115
Lone'Er Kavanagh,1514.162741908798
Axel Sola,1514.1591552593186
Mike Kyle,1514.128292742603
Ovince Saint Preux,1514.1161532012213
Alexis Davis,1514.076556944308
Cody Haddon,1514.053017975029
Aleksei Oleinik,1514.0505820165386
Mizuki,1514.0238967758764
Jake O'Brien,1514.0038374721996
Mansur Abdul-Malik,1514.0026193103834
Patrick Cote,1513.9916507091575
Aisling Daly,1513.8632929573923
Wilson Reis,1513.826853974324
Zachary Reese,1513.7259437695805
Josefine Knutsson,1513.716620963919
Gavin Tucker,1513.637920851073
Niko Price,1513.6114104973892
Josh Samman,1513.5988628194257
Charles Radtke,1513.5898563564024
Brendan Schaub,1513.5761278135417
Joaquim Silva,1513.553067727615
Scott Holtzman,1513.4119511359756
Paddy Holohan,1513.3463034073886
Kiichi Kunimoto,1513.2841302618438
Adam Wieczorek,1513.2087049223303
Tim Credeur,1513.208154686634
Din Thomas,1512.977045701069
Christian Rodriguez,1512.9185311504293
Rich Attonito,1512.7236122653362
Carlos Condit,1512.6998212874641
Kyle Nelson,1512.6970316221013
Bea Malecki,1512.6143399972411
Paul Kelly,1512.396480187277
Soa Palelei,1512.31679129742
Elias Silverio,1512.0495604463065
Sumudaerji,1511.916133045156
Zubaira Tukhugov,1511.8512287711378
Billy Quarantillo,1511.686858141086
Amir Sadollah,1511.6407090808732
Brad Blackburn,1511.2039562369537
Ben Nguyen,1510.948437348591
Jack Jenkins,1510.8998028325211
Andrei Arlovski,1510.6998708510243
Muin Gafurov,1510.4750664843646
Hermes Franca,1510.350899507117
Yazmin Jauregui,1510.3173906886627
Paige Vanzant,1510.3010967432272
Ronaldo Rodriguez,1510.2823106070794
Manny Bermudez,1509.9123421187655
Aleksei Kunchenko,1509.864795969186
Mark Hunt,1509.8546416161807
Kendall Grove,1509.8283344835684
Gabriel Gonzaga,1509.776180502779
Jennifer Maia,1509.750105438181
Terry Etim,1509.6891258511182
Kyle Daukaus,1509.606113957519
Clint Hester,1509.041572302301
Marc Diakiese,1508.8243705937703
Steven Siler,1508.8095563256034
Mikey Burnett,1508.636856779496
Joseph Morales,1508.5878479934393
Song Kenan,1508.48650713575
Ismail Naurdiev,1508.206945071595
Nicco Montano,1508.1251245161334
Lyman Good,1508.0306769086083
Tyson Pedro,1508.009247649833
Stefan Struve,1507.8127287623606
Ildemar Alcantara,1507.7161186239975
Tai Tuivasa,1507.6918439591707
Ryan Loder,1507.6654600304635
Rob Emerson,1507.2572376359367
Damon Jackson,1507.197973847623
Calvin Kattar,1507.0358787292503
Marlon Moraes,1506.8347812006657
James Wilks,1506.76624835328
Patricio Freire,1506.6716850774371
Felicia Spencer,1506.1740712879682
Cung Le,1505.9705846740283
Chris Daukaus,1505.9138615304648
Kazushi Sakuraba,1505.8034754597227
John Castaneda,1505.7211487188977
Gabriel Santos,1505.6785428640644
Jesse Taylor,1505.5314393711237
Jeongyeong Lee,1505.4772986866
Guangyou Ning,1505.3352997907427
Megan Anderson,1505.31038396467
Tatsuya Kawajiri,1505.194220677016
Jose Quinonez,1504.9111446826241
Cody Durden,1504.6599544607157
Sultan Aliev,1504.6595730757138
Siyar Bahadurzada,1504.5518618365486
Falaniko Vitale,1504.439434869696
Andreas Gustafsson,1504.3668723902636
Daron Cruickshank,1504.3257434527331
Rogerio Nogueira,1504.2982012737662
Keith Hackney,1504.2079809700738
Alex Garcia,1504.2000962191137
Tim Means,1504.1662395242984
Mike Pyle,1504.1411594371903
Zhang Lipeng,1504.074209599233
Jimi Manuwa,1504.0306474878532
Tallison Teixeira,1504.0151563297627
Waylon Lowe,1504.0054564713355
Aoriqileng,1503.9177017250856
Ismael Bonfim,1503.8965842073658
Timur Valiev,1503.8039943761169
Gabe Green,1503.7916852320534
Jamall Emmers,1503.7816273240646
Diego Nunes,1503.7247026734956
Che Mills,1503.7219286645345
Klidson Abreu,1503.653084266108
Bekzat Almakhan,1503.611135250674
Zak Ottow,1503.6090083983265
Antonio Carvalho,1503.3570380589651
Mike Van Arsdale,1503.2485030725388
Alessandro Costa,1503.244804295856
Eric Mcconico,1503.2262176896868
Amaury Bitetti,1503.0969841494395
Buddy Roberts,1502.9941780419224
Charles Jourdain,1502.9572458887844
Rich Clementi,1502.9510782690018
Marcio Cruz,1502.933855660211
Shinsho Anzai,1502.7466418912984
Chance Rencountre,1502.6946096564297
Caolan Loughran,1502.6311287782312
Tj Waldburger,1502.5289406252234
Albert Duraev,1502.5196405734664
Jafel Filho,1502.5121571243515
Ryan Janes,1502.4539894249594
Mounir Lazzez,1502.4380728810306
Robert Bryczek,1502.3758241576784
Carlos Vera,1502.3737689046789
Mike Wilkinson,1502.3697695926942
Uran Satybaldiev,1502.337069531669
Antoni Hardonk,1502.2413195205518
Austin Bashi,1502.1751989722213
Ian Mccall,1502.149315120596
Bill Algeo,1502.1336654188021
Nick Sanzo,1502.0624041966526
Billy Elekana,1502.0422756365213
Erik Koch,1502.0063390862656
Joe Charles,1501.9983704664016
Tony Kelley,1501.993044846581
Bruno Lopes,1501.929414839284
Brian Melancon,1501.8538331144478
Rei Tsuruya,1501.8438181269416
Angela Hill,1501.7892158973275
Julius Walker,1501.7345875470191
Andrew Sanchez,1501.675449046803
Thomas Petersen,1501.6708180055589
Hunter Azure,1501.642584335194
Benito Lopez,1501.6202645623446
Chris Cariaso,1501.5794172827323
Travis Fulton,1501.5790323748665
Jonathan Meunier,1501.4949052480995
Victor Hugo,1501.4946478094614
Nick Thompson,1501.475165004445
Fernando Padilla,1501.4684346594754
Ozzy Diaz,1501.4387739660467
Geza Kalman,1501.4387739660467
Miguel Torres,1501.370270861149
Nate Landwehr,1501.3560535791341
Jutaro Nakao,1501.3358416109802
Abubakar Nurmagomedov,1501.2823614177512
Miesha Tate,1501.2117055756441
Rongzhu,1501.1961273680831
Chris Kelades,1501.1743154487767
Karolina Kowalkiewicz,1501.1124192529398
Dan Christison,1501.1044151981946
Luan Chagas,1501.084418770169
Hector Sandoval,1501.0707338184552
Pascal Krauss,1501.056601451128
Brianna Fortino,1500.993234418613
Nick Catone,1500.9649480587238
Jason Saggo,1500.8768496613375
Galore Bofando,1500.8200593580307
Klaudia Sygula,1500.7746946623615
Ernesta Kareckaite,1500.736306793522
Tai Bowden,1500.736306793522
Tereza Bleda,1500.7329752030234
Max Griffin,1500.7313471521582
Dustin Hazelett,1500.727152632302
Justin Mccully,1500.7217242405286
Gary Goodridge,1500.7186829725615
Shamil Gamzatov,1500.7089817892693
Lance Gibson,1500.7024671725246
Andrey Pulyaev,1500.6775443623244
Dan Cramer,1500.6690673836351
Aliaskhab Khizriev,1500.6554658606638
Junie Browning,1500.642225845523
Benardo Sopaj,1500.6378176565574
Jesus Pinedo,1500.6162023563431
Jose Torres,1500.6127347940678
Bogdan Grad,1500.5558192414412
Lance Benoist,1500.551438475521
Shauna Bannon,1500.548331696494
Dione Barbosa,1500.5275051010194
Ben Sosoli,1500.4557526961373
Darren Stewart,1500.3961559544136
Joe Moreira,1500.3761977616077
Jerrod Sanders,1500.2659585177316
Noad Lahat,1500.2652133520367
Eddie Yagin,1500.2508012367398
John Gunther,1500.208473358664
Roy Nelson,1500.1844903325689
Rogerio Bontorin,1500.1597377479966
Javid Basharat,1500.1573401742903
Jarred Brooks,1500.1516030340372
Eryk Anders,1500.131367364992
Cynthia Calvillo,1500.1231861965098
Lavar Johnson,1500.110112971058
Akira Corassani,1500.1017572837181
Brad Kohler,1500.0691794759584
Melissa Mullins,1500.0541064081701
Bolaji Oki,1500.0496549610925
Jack Nilson,1500.0338330211207
John Lewis,1500.0323466097632
Mike Perry,1500.0147878528483
Patrick Walsh,1500.0031246212163
Ken Stone,1500.0016415458101
Orlando Wiet,1500.0
Nate Loughran,1500.0
Todd Medina,1500.0
Anthony Torres,1500.0
Roman Mitichyan,1500.0
Tsuyoshi Kohsaka,1499.9723969001957
Kyle Watson,1499.965783790184
Gauge Young,1499.9597862242365
Yanal Ashmouz,1499.9238353245219
Montse Rendon,1499.9032998791795
Keith Rockel,1499.887162720435
Igor Araujo,1499.8834021688135
Kevin Jousset,1499.8440626885379
Jim Alers,1499.8296314970937
Danny Henry,1499.8063478852914
Stephanie Luciano,1499.7993287312636
Antonio Rodrigo Nogueira,1499.7870887530783
Viviane Pereira,1499.7593401242068
Sam Adkins,1499.736053305474
Todd Duffee,1499.7286282804419
Mark Godbeer,1499.7222852757452
Ange Loosa,1499.7132287823283
Semmy Schilt,1499.6765192667863
Tomasz Drwal,1499.6420896406837
Ramon Taveras,1499.5082645578696
Holly Holm,1499.4904032224827
Nick Ring,1499.4669271902626
Bartosz Fabinski,1499.4655455324075
Wesley Correira,1499.410705527457
Sirwan Kakai,1499.4010970391507
Justin Tafa,1499.39032201743
Antonina Shevchenko,1499.3794519428388
Troy Mandaloniz,1499.362031350817
Nad Narimani,1499.3460120295726
Nick Maximov,1499.336524590345
Mike Ciesnolevicz,1499.3299212161505
Andrei Semenov,1499.3184790436703
Nick Denis,1499.2976013366472
Melinda Fabian,1499.2945090341798
Scott Bessac,1499.2925226924451
Keith Berish,1499.263693206478
Anying Wang,1499.263693206478
Joe Ellenberger,1499.263693206478
Scott Morris,1499.263693206478
Roberto Traven,1499.263693206478
Dave Strasser,1499.263693206478
War Machine,1499.263693206478
Joe Slick,1499.263693206478
Kevin Ferguson,1499.2609505107257
Nah-Shon Burrell,1499.254520104659
Jamal Pogues,1499.205378975695
Stanislav Nedkov,1499.1969743295886
Bojan Velickovic,1499.179246396378
Paul Jones,1499.1551302432897
Tony Gravely,1499.1512927750123
Yancy Medeiros,1499.139232432933
Mike Nickels,1499.1229786886324
Pingyuan Liu,1499.0928051457747
Cheyanne Vlismas,1499.0662206927498
Josh Culibao,1499.0106429767761
Joe Duffy,1498.938204694961
Matt Frevola,1498.9219182750528
Wanderlei Silva,1498.8896598877825
Natan Levy,1498.8875529851186
Elves Brener,1498.861983915017
Spencer Fisher,1498.814559879149
Jimy Hettes,1498.8065610086721
Impa Kasanganay,1498.796789370529
Shonie Carter,1498.7860933916384
Leah Letson,1498.755895347912
Daniel Zellhuber,1498.7161604025293
Kevin Jackson,1498.7012066664922
Naoki Inoue,1498.692125457267
Ken Shamrock,1498.691707014862
Montana De La Rosa,1498.6353400973226
Loik Radzhabov,1498.6137589908683
Mitch Gagnon,1498.6134028015144
Tedd Williams,1498.5613859068676
Mike Jackson,1498.5613680359575
Puja Tomar,1498.5613460216127
Magomed Gadzhiyasulov,1498.5612260339533
Rory Singer,1498.5288446764016
Ricardo Abreu,1498.4801245755214
Nate Marquardt,1498.3904380517088
Danny Castillo,1498.240608983535
Milton Vieira,1498.1983948560319
Nicholas Musoke,1498.121324030881
Darren Uyenoyama,1498.0552735787703
Tanner Boser,1498.007513639312
Kai Kamaka,1497.9573226212394
Danny Roberts,1497.8728404751184
Marcelo Guimaraes,1497.8434832668486
Steven Nguyen,1497.8354583511289
Bubba Bush,1497.8278203282016
Dave Beneteau,1497.6233102654892
Diego Rivas,1497.5983609888738
Juliana Miller,1497.5233919906784
Gokhan Saki,1497.501117062079
Pablo Garza,1497.4683293083722
Francisco Figueiredo,1497.3671130835762
Ben Askren,1497.3324315160285
David Branch,1497.3125366417748
Ivan Jorge,1497.312033703462
David Dvorak,1497.2313321014979
Johnny Bedford,1497.2012100214058
Josh Thomson,1497.1200011778117
Brock Larson,1497.0357535641065
Luke Jumeau,1496.8928660845736
Tiago Dos Santos E Silva,1496.7675383080048
Oskar Piechota,1496.7545601996076
Eddie Sanchez,1496.7089421997891
Luke Barnatt,1496.688989189717
Mana Martinez,1496.612663225961
Gaston Bolanos,1496.6021753336101
Sedriques Dumas,1496.5584664901596
Sijara Eubanks,1496.4891993492827
Veronica Hardy,1496.4610154236539
Gerald Meerschaert,1496.442338826113
Brian Bowles,1496.3054836490394
Ian Heinisch,1496.2103441825848
Tony Desouza,1496.0988937321538
Shane Nelson,1495.9916290363565
Fredy Serrano,1495.9749044676469
Eliot Marshall,1495.9721595923966
Cameron Saaiman,1495.8687385408475
Joe Proctor,1495.8221591458494
Pedro Munhoz,1495.7964691128282
Trevor Prangley,1495.7619387854518
Gan Mcgee,1495.725969684133
Erick Silva,1495.7059594612972
Cory Mckenna,1495.6948530557138
Hugo Viana,1495.6271840207708
Paul Buentello,1495.5094532940807
Liz Carmouche,1495.4284929112057
Joe Stevenson,1495.3860425359464
Aleksandra Albu,1495.3532526028735
Jason Lambert,1495.2299770067832
Chris Leben,1495.0982631309962
Trevin Giles,1495.0584624882565
Danilo Marques,1494.9353991912146
Mauricio Rua,1494.748659558689
Thomas Almeida,1494.7384133564324
Shayilan Nuerdanbieke,1494.6571822144906
Julia Avila,1494.6413423012586
Dwayne Cason,1494.582965488577
Mirko Filipovic,1494.5033183387425
Frankie Saenz,1494.4800947604192
Bryan Barberena,1494.4241589812414
Roan Carneiro,1494.3347858666557
Cyrille Diabate,1494.3288342596313
Brandon Vera,1494.2794989050112
Dennis Hallman,1494.2593446187132
Marcus Silveira,1494.1965245402773
Parker Porter,1493.9686659335919
Alan Patrick,1493.919756948198
Makwan Amirkhani,1493.9002747130817
Devonte Smith,1493.8989135766801
Maryna Moroz,1493.8895032711366
Yves Jabouin,1493.830033518304
Marco Beltran,1493.8121064538807
Jonathan Brookins,1493.675171005686
Ibo Aslan,1493.6711989175856
Vanessa Demopoulos,1493.641750890176
Phil Hawes,1493.608454177263
John Howard,1493.4175235514595
Matt Schnell,1493.3973770286104
Glaico Franca Moreira,1493.3019617069638
Josiane Nunes,1493.285226963656
Kenny Robertson,1493.0225275887685
Marco Polo Reyes,1493.0189034285645
James Te Huna,1492.918915208735
Maurice Greene,1492.908646417455
Marcus Brimage,1492.7636907208646
Jordan Rinaldi,1492.623302206091
Walt Harris,1492.4573543176173
Sai Wang,1492.405289842989
Renan Barao,1492.3043100001532
Nick Hein,1492.2988350891217
Ramsey Nijem,1492.1729269478121
Tony Fryklund,1492.0613610530543
Reginaldo Vieira,1492.0321684212934
Steven Graham,1492.0
Fabio Maldonado,1491.9763238626128
Katsuhisa Fujii,1491.9466066240393
Carlos Leal,1491.9441825691968
Alex Oliveira,1491.9377681175881
Ricky Glenn,1491.8773306973483
Warlley Alves,1491.853206480741
Viktoriia Dudakova,1491.7861880331245
Dan Bobish,1491.5607009762564
Luigi Fioravanti,1491.4821707723968
Shamil Abdurakhimov,1491.4412049120135
Felice Herrig,1491.3601704350194
Jamie Mullarkey,1491.183594503376
Valerie Letourneau,1490.9731050820744
Livinha Souza,1490.7972840874681
Raulian Paiva,1490.7275396152945
Manvel Gamburyan,1490.6738654201345
Jonathan Goulet,1490.615729526852
Paul Varelans,1490.558111010527
Jason High,1490.50845482702
Keith Jardine,1490.045754133213
Aaron Pico,1489.9627861084284
Erick Montano,1489.9132940640043
Jimmy Crute,1489.7613749226146
Renzo Gracie,1489.7364092664272
Dongi Yang,1489.4809591622234
Clay Guida,1489.342784357295
Rizvan Kuniev,1489.2664578978997
Jake Rosholt,1489.242280020172
Bassil Hafez,1489.1914620158486
Ron Van Clief,1489.1470686995076
James Toney,1489.095271440721
Yuta Sasaki,1489.000725817333
Patchy Mix,1488.9450654278999
Denis Kang,1488.8611572949187
Chris Gruetzemacher,1488.8272056406486
Mads Burnell,1488.7142713425148
Quang Le,1488.6741946097861
Anshul Jubli,1488.617181014324
Rony Jason,1488.5463347628508
Tamdan Mccrory,1488.475752083613
Jason Day,1488.4332729037899
Trey Ogden,1488.2125906124074
Augusto Mendes,1488.202067125931
Zachary Scroggin,1488.2003900163045
Akihiro Gono,1488.181872335381
Sheymon Moraes,1488.1333462105836
Curt Warburton,1488.0748389641024
Bobby Moffett,1488.042073717186
Maximo Blanco,1487.8926252628269
Roman Bogatov,1487.8628844326718
Molly Mccann,1487.807325811631
Jose Ochoa,1487.796175250858
Tarec Saffiedine,1487.7549753883386
Wagner Prado,1487.745255200884
Renato Verissimo,1487.6765049606481
Blagoy Ivanov,1487.5979019426072
Kyle Noke,1487.4986868096582
Greg Soto,1487.4754065409281
David Bielkheden,1487.4496804594885
James Head,1487.4179416128914
Katsunori Kikuno,1487.322711690066
Bruna Brasil,1487.3126241352975
Julia Polastri,1487.2604878945026
Kalib Starnes,1487.2548260507178
Eduardo Garagorri,1487.2064790552981
Elise Reed,1487.2052432297187
John Cholish,1487.2049577667185
Roger Narvaez,1487.1938476164692
Cat Zingano,1487.1772091546077
Guram Kutateladze,1487.1539709884248
Marcus Buchecha,1487.0873207535883
Paul Taylor,1487.0825004079545
Tristan Connelly,1487.0234090711942
Jason Knight,1487.0042949900271
Carlos Hernandez,1486.9951526505617
Paul Craig,1486.9895797547667
Irwin Rivera,1486.8748863925916
Matt Veach,1486.8684537610063
Alexander Munoz,1486.8570267128662
Bruno Santos,1486.8012139158404
Felipe Bunes,1486.7945723154787
Junior Assuncao,1486.7821127640475
Reza Madadi,1486.7679714491408
Lucas Almeida,1486.7637113545543
Louis Gaudinot,1486.6939670101265
Ryan Jimmo,1486.667362896205
Jeff Joslin,1486.661525348282
Neil Seery,1486.6157058582437
Julian Sanchez,1486.6011119103568
Adam Fugitt,1486.5991239157058
Cody Stamann,1486.5806233446633
Mickael Lebout,1486.5055250192274
Patrick Cummins,1486.4734758118725
Chris Clements,1486.4676467778943
Andrew Craig,1486.4544303662683
Armen Petrosyan,1486.4443862775954
Yoshiyuki Yoshida,1486.4426917644082
Chris Haseman,1486.394384684885
Charles Mccarthy,1486.336546535052
Zach Makovsky,1486.264807039369
Maxim Grishin,1486.2402039882818
Masanori Kanehara,1486.2311718171732
Heath Herring,1486.2206088589078
Stephanie Egger,1486.1840101154578
Riki Fukuda,1486.1741634370446
Daniel Omielanczuk,1486.162280679727
Adam Yandiev,1486.1533804319822
Cameron Smotherman,1486.1285107551935
Antonio Braga Neto,1486.1023846259247
Robert Ruchala,1486.1020766696904
Fabiano Iha,1486.0977002913453
Rameau Thierry Sokoudjou,1486.0942042547524
Rory Markham,1486.0859376786093
Allen Crowder,1486.0830358321302
Tae Hyun Bang,1486.0582573437862
Nathan Coy,1486.0434200393938
Edgar Chairez,1486.022104230474
Alexandre Barros,1485.9890331248075
Robert Whiteford,1485.9834455344499
Lara Procopio,1485.9770142282534
Godofredo Pepey,1485.969293908262
Tony Sims,1485.9532233885805
Viacheslav Borshchev,1485.9409809207618
Anthony Macias,1485.902168406553
Daniel Roberts,1485.8870450305458
Xiao Long,1485.8778428447383
Leandro Issa,1485.8502745774715
Thomas Ramirez,1485.8339722803935
Greg Stott,1485.8040475559992
Robert Mcdaniel,1485.7892243043339
Ketlen Souza,1485.7612347290524
Jason Brilz,1485.758785541258
Josh Hendricks,1485.7156670796442
Shannon Gugerty,1485.669102508935
Tuco Tokkos,1485.665108518628
Nikolay Veretennikov,1485.6588662461238
Michael Chandler,1485.648520677546
Henry Martinez,1485.6478224411665
John Maguire,1485.629369442851
Ian Entwistle,1485.6097487983056
Valmir Lazaro,1485.5552178150067
Rob Broughton,1485.5281902845006
John Allan,1485.499803186367
Raphael Pessoa,1485.4983851697718
Benji Radach,1485.472729837703
Steve Berger,1485.4387739660467
Azunna Anyanwu,1485.4358728782763
Rex Holman,1485.4358728782763
Ernest Chavez,1485.4152586138805
Luke Zachrich,1485.40550883746
Daniel Barez,1485.4044220088877
Callan Potter,1485.4036467612611
Steve Vigneault,1485.4023024367123
Jackson Mcvey,1485.382164248166
Mark Choinski,1485.3518407852173
Alexandre Ferreira,1485.344563048728
Jarjis Danho,1485.343140162292
Cristian Quinonez,1485.3406098404769
Pete Rodriguez,1485.321594945288
Aaron Rosa,1485.3177365966073
John Gunderson,1485.2532996945768
Rudyard Moncayo,1485.1920530085763
Pannie Kianzad,1485.154239737806
Cal Worsham,1485.1327233149939
Luiz Cane,1485.1313362953786
Melton Bowen,1485.1034862312586
Anton Kuivanen,1485.1034862312586
Brian Gassaway,1485.1034862312586
Bill Mahood,1485.1034862312586
Paul Creighton,1485.0914193352664
Homer Moore,1485.0721325867312
Liliya Shakirova,1485.0120147152495
Daichi Abe,1484.9899856059844
Chelsea Chandler,1484.9700372412751
Cindy Dandois,1484.9511312572654
Brandon Melendez,1484.9378326743172
Tom Gallicchio,1484.9195397093818
Timmy Cuamba,1484.9016884363027
Jake Hecht,1484.8866388804727
Mike Wessel,1484.8847331466984
Tofiq Musayev,1484.860113063539
Danyelle Wolf,1484.8409496374832
Chris Barnett,1484.8385238434098
Jim Mullen,1484.824610077322
Alvin Hines,1484.8075645786873
Nick Agallar,1484.8004895918748
John Salter,1484.783562729626
Shamar Bailey,1484.7788434413424
Carlos Eduardo Rocha,1484.7750129735693
Neil Wain,1484.7715730008413
Carlo Pedersoli Jr.,1484.7648492046535
Askar Mozharov,1484.7562185174475
Yoshinori Horie,1484.7428233533942
Joe Son,1484.736306793522
Paul Rodriguez,1484.736306793522
Frank Caracci,1484.736306793522
Adrian Serrano,1484.736306793522
John Dowdy,1484.736306793522
Fred Ettish,1484.736306793522
John Marsh,1484.736306793522
Mike Whitehead,1484.736306793522
Josh Shockman,1484.736306793522
Yuki Sasaki,1484.7335476901605
Stewart Nicoll,1484.7331913157768
Harry Hardwick,1484.7286659606373
Christian Aguilera,1484.7270549080629
Koji Kitao,1484.7230264458924
Ravena Oliveira,1484.7156155005214
Lucas Rocha,1484.705573194329
Marcelo Aguiar,1484.7040225341211
Mackens Semerzier,1484.703956876504
Keiichiro Yamamiya,1484.7024671725246
Rob Macdonald,1484.7023986633528
Austin Springer,1484.6972493624803
Rainy Martinez,1484.6879256608966
Martin Sano,1484.6726918480063
Satoshi Honma,1484.6671824245536
Zviad Lazishvili,1484.6597868713654
Carlos Mota,1484.636375985832
Michinori Tanaka,1484.6253210871607
Christian Wellisch,1484.5851870940785
Philip De Fries,1484.5395880426533
Juliana Lima,1484.5328485673253
Kamuela Kirk,1484.5191178216917
Bibulatov Magomed,1484.516242406074
Ray Wizard,1484.479371089717
Devin Clark,1484.4630929484692
Azat Maksum,1484.4493091922186
Jake Hadley,1484.421934590307
Caros Fodor,1484.4072861279074
Andre Ewell,1484.3365189863944
Elvis Mutapcic,1484.3318368626026
George Sullivan,1484.3210129287854
Francisco Rivera,1484.3178961721662
Chris Brennan,1484.3178486730808
Antonio Mckee,1484.2796419939968
Yaotzin Meza,1484.270369192983
Steve Bruno,1484.2619244184266
Phil Johns,1484.2359881077612
Nick Roehrick,1484.2144375422054
Miguel Baeza,1484.20201196845
Hans Stringer,1484.1849930161009
Jon Tuck,1484.1776295070226
Nathan Fletcher,1484.1640998576604
Deron Winn,1484.1463497053192
Nadia Kassem,1484.1202945521052
Austin Lingo,1484.1152291315009
Joe Merritt,1484.1125348851428
Matt Hobar,1484.1103674038616
Niklas Backstrom,1484.1099628755878
Kelly Dullanty,1484.0969921300064
Marcus Levesseur,1484.0827898680088
Eddie Ruiz,1484.067436421002
Francisco Trevino,1484.0651185396823
Willamy Freire,1484.062872021792
Stevie Lynch,1484.0618708470606
Jeff Hougland,1484.057460984802
Clifford Starks,1484.05302245662
Ryan Parker,1484.0513854511455
Joe Jordan,1484.050572054337
Brian Cobb,1484.0493184140864
Brok Weaver,1484.0342109851942
Jesse Sanders,1484.0339081301693
Joao Roque,1484.0339081301693
Derrick Noble,1484.0339081301693
Augusto Montano,1484.0328571177818
Scott Junk,1484.0327718540916
Floyd Sword,1484.031352640867
Francis Marshall,1484.0113082290393
Sean Mccorkle,1484.003567170768
Heather Clark,1484.0029729229482
Branden Lee Hinkle,1484.0028134660095
Dean Barry,1484.0015615270963
Tom Egan,1484.0
Lowell Anderson,1484.0
David Roberts,1484.0
Neil Grove,1484.0
Chuck O'Neil,1484.0
Chris Spang,1484.0
Wallid Ismail,1484.0
Wes Albritton,1484.0
Flavio Luiz Moura,1484.0
Dmitri Stepanov,1484.0
Igor Severino,1484.0
Rolles Gracie,1484.0
Jon Manley,1484.0
Derek Downey,1484.0
Martin Svensson,1484.0
Tim Mckenzie,1484.0
Tony Halme,1484.0
Marcus Jones,1484.0
Manolo Zecchini,1484.0
Donnie Chappell,1484.0
Ryan Mcgillivray,1484.0
Joe Pardo,1484.0
Bob Gilstrap,1484.0
Josh Stuart,1484.0
Danillo Villefort,1484.0
Allan Goes,1484.0
Chris Tickle,1484.0
Noe Hernandez,1484.0
Houston Dorr,1484.0
Adam Cella,1484.0
Todd Butler,1484.0
Adriano Santos,1484.0
Paulo Santos,1484.0
Darrel Gholar,1484.0
Darrill Schoonover,1484.0
Chris Saunders,1484.0
Abdul-Kareem Al-Selwady,1484.0
Frank Lester,1484.0
Justin Wren,1484.0
Joey Roberts,1484.0
Chris Condo,1484.0
Cory Hendricks,1484.0
Eugenio Tadeu,1484.0
Masutatsu Yano,1484.0
Joey Gilbert,1484.0
James Mulheron,1484.0
John Polakowski,1484.0
Dorian Price,1484.0
Roger Gracie,1484.0
Gerald Strebendt,1484.0
Albert Cheng,1484.0
Michel Batista,1484.0
Wade Shipp,1484.0
Alex Gorgees,1484.0
Andy Wang,1484.0
Lodune Sincaid,1484.0
Alex Schoenauer,1484.0
Jason Thacker,1484.0
Josh Rafferty,1484.0
Chris Sanford,1484.0
Bobby Southworth,1484.0
Duda Santana,1484.0
Nandor Guelmino,1484.0
Keigo Kunihara,1484.0
Sean Gannon,1484.0
Stephen Bass,1484.0
Kerry Schall,1484.0
Steve Byrnes,1484.0
Sherman Pendergarst,1484.0
Dustin Neace,1484.0
Mario Neto,1484.0
Cory Walmsley,1484.0
Icho Larenas,1484.0
Dave Galera,1484.0
Kristof Midoux,1484.0
Peggy Morgan,1484.0
Richard Crunkilton,1484.0
Richie Hightower,1484.0
Dan Barrera,1484.0
Christina Marks,1484.0
Jimmy Quinlan,1484.0
Shane Primm,1484.0
Jermaine Andre,1484.0
Gilbert Smith,1484.0
Collin Hart,1484.0
Aaron Brink,1484.0
Alex Stiebling,1484.0
Bharat Kandare,1484.0
David Baron,1484.0
Deanna Bennett,1484.0
Ariel Beck,1484.0
Eric Martin,1484.0
Karine Gevorgyan,1484.0
Steven Koslow,1484.0
Jared Rollins,1484.0
Maia Stevenson,1484.0
Cale Yarbrough,1484.0
James Giboo,1484.0
Dante Rivera,1484.0
Zach Light,1484.0
Allan Zuniga,1484.0
Tyler Diamond,1484.0
Leigh Remedios,1484.0
Richie Smullen,1484.0
James Zikic,1484.0
Romie Aram,1484.0
Billy Miles,1484.0
John Kolosci,1484.0
Robert Drysdale,1484.0
Justin James,1484.0
Jules Bruchez,1484.0
Humberto Brown Morrison,1484.0
Tina Lahdemaki,1484.0
Ernie Verdicia,1484.0
Jason Fairn,1484.0
Zygimantas Ramaska,1484.0
Nazareno Malegarie,1484.0
Brendan Loughnane,1484.0
Kevin Rosier,1484.0
Mark Scanlon,1484.0
Bruno Korea,1484.0
Gerry Harris,1484.0
Eldo Xavier Dias,1484.0
Fredson Paixao,1484.0
Delson Heleno,1484.0
Emmanuel Yarborough,1484.0
Aaron Wilkinson,1484.0
Vernon Ramos Ho,1484.0
Minoki Ichihara,1484.0
Sako Chivitchian,1484.0
Thaddeus Luster,1484.0
Sean Daugherty,1484.0
Matt Andersen,1484.0
Alex Torres,1484.0
Colby Thicknesse,1484.0
David Hood,1484.0
Mike King,1484.0
John Teixeira,1484.0
John Matua,1484.0
Jamie Yager,1484.0
Izabela Badurek,1484.0
Jack Mcglaughlin,1484.0
Manuel Rodriguez,1484.0
Rocky Lee,1484.0
Marcos Vinicius,1484.0
Andy Anderson,1484.0
Paul Herrera,1484.0
Asbel Cancio,1484.0
Bentley Syler,1484.0
Wagner Campos,1484.0
Vinicius Queiroz,1484.0
Josh Bryant,1484.0
James Hammortree,1484.0
Daniel Spohn,1484.0
Francesco Maturi,1484.0
Eric Nolan,1484.0
Marcin Wrzosek,1484.0
Jason Delucia,1484.0
Scott Baker,1484.0
Tyler Toner,1484.0
Robert Lucarelli,1484.0
Abner Lloveras,1484.0
Anistavio Medeiros,1484.0
Alberta Cerra Leon,1484.0
Rodolfo Rubio Perez,1484.0
Dave Berry,1484.0
Antonio Banuelos,1484.0
David Levicki,1484.0
Michael Aswell,1483.9995727714957
Ryan Madigan,1483.992363326684
Cole Smith,1483.9918132902587
Trent Jenkins,1483.9860495352625
Will Chope,1483.97654441472
Luis Pajuelo,1483.975991209643
Shunichi Shimizu,1483.9671394084926
Ryan Roberts,1483.9661462091965
Hugo Duarte,1483.9637447737355
Carlo Prater,1483.955250183942
Fabio Gurgel,1483.949182751945
Peter Sobotta,1483.9415729128368
Dale Hartt,1483.9320312932584
Rick Davis,1483.9308486848058
Jeff Newton,1483.9155432397451
Mark Weir,1483.8970379012999
Marcus Bossett,1483.8858360285808
Jeremy Stephens,1483.880780305324
Duane Ludwig,1483.873678297982
Seth Baczynski,1483.8445568573927
Pete Spratt,1483.8119794305637
Braxton Smith,1483.7675396874288
Cody Mckenzie,1483.7650169853173
Cyril Asker,1483.7405836253388
Garrett Armfield,1483.733651806384
Issei Tamura,1483.7303100124923
Batgerel Danaa,1483.7227553177179
Kit Cope,1483.7160737381196
Drew Mcfedries,1483.6741063827897
Felipe Silva,1483.6719395916182
Rodrigo Ruas,1483.6316514810308
Andrew Holbrook,1483.5851106192977
Milana Dudieva,1483.582131935366
Reza Nasri,1483.5182302628323
Brad Katona,1483.5044565952112
Nissen Osterneck,1483.4977128781184
Hector Urbina,1483.4585398327179
Da Woon Jung,1483.4545442586898
Melissa Martinez,1483.416145981623
Matheus Camilo,1483.4109247940605
Per Eklund,1483.3997006520513
Solomon Hutcherson,1483.3852762029583
Spike Carlyle,1483.3819721540037
Simeon Thoresen,1483.3816631087022
Alex Andrade,1483.3774386205325
Max Rohskopf,1483.368144063584
Tony Petarra,1483.3627677805482
Khusein Askhabov,1483.3602226699115
Jess Liaudin,1483.350962430695
Scott Fiedler,1483.3460560279918
Josias Musasa,1483.3425840856073
Maciej Jewtuszko,1483.337264279126
Nick Pace,1483.335253590135
Billy Ray Goff,1483.333899490184
John Yannis,1483.3330153653546
Irina Alekseeva,1483.3321427792087
Allen Berube,1483.3296897362338
Angel Pacheco,1483.3278126633898
Jackie Lee,1483.327580214969
Ronald Jhun,1483.3225004855187
Nick Osipczak,1483.3193590050423
Paul Georgieff,1483.3187325824547
Eddie Mendez,1483.3075014010842
Joshua Weems,1483.3043868768052
Alice Ardelean,1483.2994900952563
Guilherme Vasconcelos,1483.2991990552246
Ivan Serati,1483.297635650854
Matt Arroyo,1483.2976013366472
James Mcsweeney,1483.2976013366472
Ben Alloway,1483.2976013366472
Djorden Santos,1483.2975328274754
Dieusel Berto,1483.2975328274754
Courtney Turner,1483.2975328274754
Nyamjargal Tumendemberel,1483.2927675076855
Brian Geraghty,1483.2914648166425
Charlie Valencia,1483.2695935742286
Filip Pejic,1483.264042823109
Sean Alvarez,1483.263693206478
Keith Mielke,1483.263693206478
Nate Schroeder,1483.263693206478
David Velasquez,1483.263693206478
He-Man Gipson,1483.263693206478
Zane Frazier,1483.263693206478
Kristian Rothaermel,1483.263693206478
Roger Zapata,1483.263693206478
Matt Lucas,1483.259140932441
Yuri Vaulin,1483.24634850548
Hyun Gyu Lim,1483.2420679921315
Sabina Mazo,1483.230368866078
Saeed Hosseini,1483.2298601853572
Nick Serra,1483.2298601853572
Chris Liguori,1483.222797052628
Robert Sanchez,1483.205785262085
Yuneisy Duben,1483.19618057542
Justin Lawrence,1483.1666495488873
Jeremy Horn,1483.163740871987
Danielle Taylor,1483.132740395439
Carlos Barreto,1483.1138198923452
Chris Cope,1483.0899785910497
John Campetella,1483.0340471613458
Ivan Salaverry,1483.0256014729398
Rolando Delgado,1483.0185490417966
David Michaud,1482.9462270607703
Ron Stallings,1482.936625976961
Matthew Semelsberger,1482.9005359844364
Roland Payne,1482.8965137687414
Chad Anheliger,1482.849839079057
Misha Cirkunov,1482.7896298224366
Sam Hoger,1482.7592453878299
David Heath,1482.7475297913825
Marcel Fortuna,1482.7380306011432
Ariane Da Silva,1482.7212631547359
Masio Fullen,1482.7141164085808
Sean Sharaf,1482.6961258903923
Blake Bilder,1482.6943066290864
Ricardo Romero,1482.6942953091618
Felipe Olivieri,1482.6924522040092
Christian Colombo,1482.6599067283805
Geraldo De Freitas,1482.654133792727
Jesse Lennox,1482.6313389623713
Lewis Gonzalez,1482.6289401497
Emily Ducote,1482.6226170847413
James Lee,1482.6169429905315
Orion Cosce,1482.6024607589525
Isabela De Padua,1482.595145636227
Ian Loveland,1482.5950719527063
Yan Cabral,1482.5802146024614
Kody Steele,1482.5764512830565
Cameron Dollar,1482.5316336962655
Kanako Murata,1482.5234595950337
Rodrigo Damm,1482.5214153818304
Jason Von Flue,1482.5176866782442
Luis Gurule,1482.4969102778334
Joao Pierini,1482.4967072698337
Clay Harvison,1482.4302648116543
Sasha Palatnikov,1482.398179473941
Justin Salas,1482.372012215993
Dustin Kimura,1482.3174609307248
Chris Camozzi,1482.2642208802706
Alex Karalexis,1482.2504844798614
Travis Lutter,1482.2337439394073
Trevor Peek,1482.2192512306847
Poliana Botelho,1482.1592225745342
Jake Ellenberger,1482.1338405534748
Thiago Perpetuo,1482.1204332957045
Carlos Newton,1482.0334779517555
Jamie Moyle,1482.0008976568924
Mike Easton,1481.9369989266345
Khama Worthy,1481.919305591322
Sung Bin Jo,1481.901908385059
Tom Blackledge,1481.8836300196224
Josh Stansbury,1481.8564054425435
Pawel Pawlak,1481.8385772972242
Omar Morales,1481.8086457708177
Brian Kelleher,1481.7610036667118
Robelis Despaigne,1481.723720914488
Eugene Jackson,1481.6562329111873
Justine Kish,1481.6561743455268
Luana Pinheiro,1481.6177405704211
Mandy Bohm,1481.4940588294578
Francimar Barroso,1481.3723440242504
Ivan Menjivar,1481.360474044815
Daniel Frunza,1481.3161499716985
Ricky Turcios,1481.219560176582
Corey Hill,1481.1951626521468
Ottman Azaitar,1481.128173411576
Andre Pederneiras,1481.068523469531
Kevin Burns,1480.780987312428
John Lober,1480.741214841849
Jorge Gurgel,1480.6420886820056
Dan Miller,1480.6109618012586
William Knight,1480.4741877733636
Abu Azaitar,1480.45528496589
David Loiseau,1480.3752815055211
Rob Kimmons,1480.311329135689
Kyle Kingsbury,1480.1529057855796
Yui Chul Nam,1479.7354277493562
Jorge Patino,1479.7145984372164
Dylan Andrews,1479.6811250677404
Matthew Lopez,1479.5118210434443
Joe Riggs,1479.4948189651652
Roland Delorme,1479.421047578464
Gabriel Benitez,1479.3692993884567
Chris Beal,1479.03623424094
Hacran Dias,1479.0337195574207
Daniel Pineda,1479.0048675926876
Ion Cutelaba,1478.919990959889
Trevor Smith,1478.8828343342236
Ben Saunders,1478.7240013973199
Hayato Sakurai,1478.6151464127145
Mike Ricci,1478.5718705161048
Caol Uno,1478.4824959729838
Vitor Miranda,1478.4452527133274
Priscila Cachoeira,1478.441360212225
Joe Soto,1478.3375180859136
Justin Scoggins,1478.1997530188612
Justin Ledet,1478.1323334293957
Teruto Ishihara,1478.0603722577903
Guido Cannetti,1478.0210412602125
Louis Smolka,1477.9976968347958
Igor Zinoviev,1477.844247764647
Yuki Kondo,1477.605224843144
Harold Howard,1477.4210407214325
Marion Reneau,1477.3054646065239
Emil Meek,1477.1807129609015
Damir Hadzovic,1477.1704707656568
Court Mcgee,1477.1222078994551
Christos Giagos,1477.0810712191687
Yizha,1477.027466493767
Colton Smith,1476.979160460315
Mike Brown,1476.7883700481912
Kimo Leopoldo,1476.6337964349598
Cole Miller,1476.6325465239001
Will Brooks,1476.6191451564575
Tyson Nam,1476.6023229694504
Luke Cummo,1476.246925942458
Darrick Minner,1476.1518781761108
Efrain Escudero,1476.1185296998183
Sheldon Westcott,1476.0044825568166
Jianping Yang,1476.0
Kiru Sahota,1476.0
Feng Xiaocan,1476.0
Baergeng Jieleyisi,1476.0
Jay Cucciniello,1476.0
Justin Frazier,1476.0
Seungguk Choi,1476.0
Joe Giannetti,1476.0
Gil Castillo,1475.9473283327177
Marcin Held,1475.8855780752162
Leandro Silva,1475.86874489138
Eddie Gordon,1475.338175525689
Brian Johnston,1475.2615543013073
Craig White,1475.1775602645534
Sam Stout,1475.0891512042692
Greg Hardy,1474.9729322662388
Anthony Perosh,1474.8662438200445
Alibi Idiris,1474.8572957075298
Jack Marshman,1474.7830552631106
Jessica-Rose Clark,1474.6709728888595
James Irvin,1474.5300238814596
Fabricio Camoes,1474.3925645594388
Felipe Arantes,1474.3586642022783
Rafael Alves,1474.2721171928022
Bj Penn,1474.2694295785645
Preston Parsons,1474.1357087045546
Kj Noons,1474.0792325250616
Luke Sanders,1473.9302708317616
Anthony Njokuani,1473.8697552960023
Brendson Ribeiro,1473.7149717214052
Daniel Sarafian,1473.6517617572504
Hatsu Hioki,1473.6493161486217
Mike Breeden,1473.6290942336827
Vernon White,1473.617511054544
Russell Doane,1473.4313427944912
Kevin Croom,1473.413889434029
Eric Shelton,1473.3126275407021
Aj Fletcher,1473.2862500312485
Dwight Grant,1473.211098129451
Tj Brown,1473.2101267215517
Ryo Chonan,1473.204577333578
Isaac Vallie-Flagg,1473.2001220616044
Derrick Krantz,1473.1967236704463
Mickey Gall,1473.1954009870408
Papy Abedi,1473.183590962941
James Moontasri,1473.0915527694756
Mario Miranda,1473.0883956124248
Darrell Horcher,1472.9889244957772
Lucio Linhares,1472.8391249763963
Chris Wilson,1472.7663889380049
Kuniyoshi Hironaka,1472.7376712624095
Goran Reljic,1472.7229418975548
Martin Bravo,1472.6816403521887
Leonardo Mafra,1472.629090091625
Tresean Gore,1472.581254194745
Chico Camus,1472.5505717196763
Brandon Thatch,1472.373830013865
Sam Sicilia,1472.3554145321684
Carmelo Marrero,1472.3336921910156
Felipe Dos Santos,1472.3140507345952
Saparbeg Safarov,1472.3022494580177
Jason Dent,1472.2755322445828
Chad Griggs,1472.1843127804427
Piotr Hallmann,1472.1632695020508
Koji Oishi,1472.1492927681068
Kron Gracie,1472.0961110145208
Christian Morecraft,1472.0862997771344
Pat Barry,1472.0260091579187
Junior Tafa,1471.9988790837172
Ray Rodriguez,1471.997828213214
Aj Cunningham,1471.9876756417377
Kevin Borjas,1471.8947103011835
Alvin Robinson,1471.8322346416812
Jason Gonzalez,1471.8109831177599
Mark Hominick,1471.80578886572
Michael Mcbride,1471.7585497731568
Shane Roller,1471.7447446975
Vanessa Melo,1471.6934461502829
Gustavo Lopez,1471.6545918918073
Don Shainis,1471.6393356670387
Alex Da Silva,1471.6381476198744
Sean Spencer,1471.618774196069
Alex Nicholson,1471.613116995263
Yanis Ghemmouri,1471.5908135820046
Elizabeth Phillips,1471.5567923910435
Felipe Colares,1471.5411304813888
Frankie Perez,1471.5003138918912
Reese Andy,1471.4998374314403
Geane Herrera,1471.4790870052536
Mehdi Baghdad,1471.4633654136044
Alberto Crane,1471.4531025093456
Justin Levens,1471.4519205340407
Kleydson Rodrigues,1471.4228990097429
Amar Suloev,1471.411253244794
Mark Striegl,1471.389721898651
Terry Martin,1471.3852666581622
Jason Macdonald,1471.3741344345087
Luigi Vendramini,1471.3716618598346
Mitch Ramirez,1471.3531722075722
Jon Delos Reyes,1471.3102397315233
Tj O'Brien,1471.2872589774356
Karl Roberson,1471.2649109874649
Vagner Rocha,1471.2179924113952
Clay Collard,1471.2151684760465
Carlos Huachin,1471.194213674209
Jesse Butler,1471.1731264141708
Sean Salmon,1471.172878146005
Jeff Hughes,1471.1600531828617
Jason Witt,1471.1451811208997
Bart Palaszewski,1471.1135539595937
Danny Martinez,1471.0386833942805
Albert Morales,1471.0298573687496
Josh Fremd,1471.0236481293575
Jon Olav Einemo,1470.9999821311499
Norifumi Yamamoto,1470.9094338488435
Renee Forte,1470.9055351822988
Chris Fishgold,1470.9034318420017
Anderson Dos Santos,1470.8848531991016
Antonio Mendes,1470.8828281483966
Kazula Vargas,1470.8412632017746
Josh Copeland,1470.8330610516111
Jason Novelli,1470.8316294742253
Nohelin Hernandez,1470.798738142964
Quinn Mulhern,1470.7885607023877
Cole Williams,1470.7866942698088
Aj Dobson,1470.7861205461174
Kai Asakura,1470.782182065514
Johnny Eduardo,1470.7770097446244
Shayna Baszler,1470.7769693158002
Rostem Akman,1470.7724220262025
Jose Johnson,1470.7549610392648
Kevin Aguilar,1470.7366305835837
Oliver Enkamp,1470.7089966877431
Gilbert Urbina,1470.6977749363868
Sarah Frota,1470.6476197342836
Talita Bernardo,1470.6445602021936
Jamey Simmons,1470.6212670344287
Marcus Aurelio,1470.6013644068896
Joey Gambino,1470.5972526594257
Akbarh Arreola,1470.579110198488
Journey Newson,1470.5232856329185
Mike Grundy,1470.5176464734946
Stefan Sekulic,1470.4962086686733
Jeremy Kimball,1470.4942279709255
Sarah Kaufman,1470.4464859581346
Gaetano Pirrello,1470.424763473709
Paul Bradley,1470.4145003432484
Roger Hollett,1470.391952568694
Pedro Falcao,1470.3724297959338
Shanna Young,1470.3661719240863
Mike Rio,1470.364677197441
Lando Vannata,1470.355131057253
Bevon Lewis,1470.317100904544
Austin Arnett,1470.3059446466502
Brandon Wolff,1470.2745921554017
Tim Williams,1470.2619136251922
Tj Laramie,1470.2448629723708
Mats Nilsson,1470.2347180056604
Joachim Christensen,1470.2267331166918
Jason Tan,1470.2240441468116
Crafton Wallace,1470.203206374778
Byron Bloodworth,1470.1966699908855
Landon Quinones,1470.195537134561
Josh Ferguson,1470.1661031368037
Andre Gusmao,1470.1632457797655
Christophe Leninger,1470.1632457797655
Brandon Jenkins,1470.149154559448
Juancamilo Ronderos,1470.1389874050537
Chad Reiner,1470.1165667442804
Joao Zeferino,1470.100901314197
Teemu Packalen,1470.1005623958742
Yao Zhikui,1470.078088380057
Cristiano Marcello,1470.0583939560815
Josh Clopton,1470.039520388595
Doug Evans,1470.0371307365951
Terrence Mitchell,1470.0364844568935
Michael Patt,1470.0112641558783
Luis Ramos,1470.009379712893
Liudvik Sholinian,1469.9909521283882
Moti Horenstein,1469.9907913760999
Peter Barrett,1469.98771529166
Trevin Jones,1469.9465245619963
Jessin Ayari,1469.9413975949765
Alex White,1469.9395795146888
Larry Cureton,1469.9340285745086
Dokonjonosuke Mishima,1469.9297745825436
Dennis Buzukja,1469.908337032936
Alptekin Ozkilic,1469.886240793232
Takenori Sato,1469.8335493640227
Ryan Couture,1469.8239177276125
Dong Hyun Ma,1469.8185200849896
Alex Ricci,1469.8129067954944
Ricky Rainey,1469.7952398824254
Dan Evensen,1469.7660071239522
Jason Young,1469.757493258386
Amilcar Alves,1469.7544023666615
Rolando Dy,1469.753828954569
Chris Tuchscherer,1469.7181476825444
Hector Ramirez,1469.7084881928276
Tucker Lutz,1469.70078919258
Patrick Williams,1469.6918622376468
Erik Silva,1469.691566947735
Yosdenis Cedeno,1469.68896388343
Antonio Silva,1469.660579469543
Matt Sayles,1469.650190275344
Vaughan Lee,1469.6420132277253
Edwin Figueroa,1469.6070643358937
Jay Silva,1469.6057291490931
Jordan Vucenic,1469.6037795836687
Matt Bessette,1469.6022696926634
Jorge Lopez,1469.5976956248032
Mariya Agapova,1469.5935746813298
Brock Jardine,1469.5691977709373
Devin Powell,1469.5586318937155
Luan Lacerda,1469.5571140342443
Gabriel Silva,1469.555105336639
Shane Del Rosario,1469.551103724391
Steve Lopez,1469.5337777212956
Kazuhiro Nakamura,1469.529310990712
Hailey Cowan,1469.5231728318904
Chris Heatherly,1469.513054031544
Jarno Errens,1469.511655024765
Ramiro Hernandez,1469.5107645488
Ode Osbourne,1469.5075901848722
Wagner Silva,1469.5031170912061
Tim Gorman,1469.4984787785224
Paul Redmond,1469.49346654895
Jesse Strader,1469.4812378025376
Kevin Jordan,1469.4724159930558
Azamat Gashimov,1469.4700904373663
Ryan Thomas,1469.4696488181887
Denis Stojnic,1469.4685736478555
Ednaldo Oliveira,1469.4638407984958
Jordan Radev,1469.4618416746127
Eiji Mitsuoka,1469.451840426238
Tor Troeng,1469.4488773051787
Steve Montgomery,1469.4439139525114
Yusuke Kasuya,1469.4396304994605
Valeri Ignatov,1469.4387739660467
Fabiano Scherner,1469.437492724009
Lauren Mueller,1469.4344756266166
Mike Guymon,1469.4320701141266
Louis Cosce,1469.4297240048086
Larissa Pacheco,1469.4254656181542
Pearl Gonzalez,1469.4234326956337
Carl Deaton,1469.4233366378323
Joey Beltran,1469.4144839568444
Anthony Christodoulou,1469.4092334789489
Cortavious Romious,1469.4057239252652
Harry Moskowitz,1469.4050061101236
Jose Maria,1469.381478691128
Val Woodburn,1469.3788308821606
John Halverson,1469.373872702017
Alex Soto,1469.366444599677
Gasan Umalatov,1469.3534764996455
Bruno Souza,1469.3497774939012
Claudio Ribeiro,1469.3423929977423
Yasuhiro Urushitani,1469.3345123425697
Westin Wilson,1469.3334065246054
Te Edwards,1469.331889988195
Collin Anglin,1469.3157227366173
Brendon Marotte,1469.3084545058114
Michel Quinones,1469.299915470336
Willie Gates,1469.2928004389164
Luis Henrique,1469.291092016521
Kb Bhullar,1469.2806663520219
Herbert Burns,1469.2716727325617
Richardson Moreira,1469.2690031948898
Matt Dwyer,1469.2687572136945
Richard Walsh,1469.2622854183637
Gilbert Aldana,1469.2328750996
Steven Peterson,1469.2087663663199
Kazuki Tokudome,1469.1302983499322
Chris Dempsey,1469.100368285809
Johnny Munoz,1469.074765032266
Julio Paulino,1469.0686551520414
Joey Gomez,1469.062732448352
Laureano Staropoli,1469.0623466228958
Guto Inocente,1469.0563375285178
Tom Niinimaki,1469.054451466164
Anthony Ivy,1469.0535413955824
Justin Jones,1469.0462031934576
Danny Chavez,1469.0384031967021
Edward Faaloloto,1469.0373291952155
Joseph Gigliotti,1469.0354726471232
Roosevelt Roberts,1469.017411391754
Zarrukh Adashev,1469.0042535607745
Rob Wilkinson,1468.9974832259234
Damarques Johnson,1468.9828449836784
Scott Askham,1468.9772547376028
Brendan O'Reilly,1468.9463211402606
Karlos Vemola,1468.932489612124
Anthony Birchak,1468.9159105375377
Jack May,1468.9147929313244
Juan Manuel Puig,1468.9135293560996
Alexander Yakovlev,1468.9095415076072
Brian Houston,1468.9004458008908
Antonio Trocoli,1468.8904921063406
Mike Stumpf,1468.8831252856992
Humberto Bandenay,1468.8821328534204
Alexandre Dantas,1468.8613833425347
Jason Godsey,1468.8591892269988
Jesse Bongfeldt,1468.8525051709419
Gadzhimurad Antigulov,1468.844027103935
Jim Wallhead,1468.8133230732783
Travis Wiuff,1468.8131704311231
Damian Stasiak,1468.8040402560987
Matt Horwich,1468.8007922980794
Thomas Gifford,1468.7990381047398
Andreas Stahl,1468.7933682359078
Andreas Michailidis,1468.7925731106964
Jin Soo Son,1468.7896504987823
Cody Pfister,1468.7785534030495
Rashad Coulter,1468.7780112335747
Jc Cottrell,1468.7654229796706
Montserrat Conejo Ruiz,1468.7630874114827
Jeremy Jackson,1468.7569831755231
Oli Thompson,1468.740899370752
Victor Rodriguez,1468.7407011287348
Roberto Romero,1468.7387708678486
John Cofer,1468.736306793522
Julie Kedzie,1468.736306793522
Bristol Marunde,1468.736306793522
Alan Omer,1468.736306793522
Carls John De Tomas,1468.736306793522
Brad Gumm,1468.736306793522
Mike Lullo,1468.736306793522
Joseph Sandoval,1468.736306793522
Curtis Stout,1468.736306793522
Sheila Gaff,1468.736306793522
Brad Morris,1468.736306793522
Charlie Ward,1468.736306793522
Aalon Cruz,1468.736306793522
Dan Stittgen,1468.736306793522
Sammy Morgan,1468.736306793522
Alexis Dufresne,1468.736306793522
Royce Alger,1468.736306793522
Luiz Dutra,1468.736306793522
Jose Medina,1468.734493957486
Mark Eddiva,1468.7089942703356
Chris De La Rocha,1468.707684287672
Marcin Bandel,1468.7052770148262
Ansar Chalangov,1468.703620731929
Cm Punk,1468.7023986633528
Jason Black,1468.7023986633528
Tateki Matsuda,1468.7018150347776
Ericka Almeida,1468.7011136438014
Nick Klein,1468.6966668551095
Damien Brown,1468.6966304513965
Ben Wall,1468.6896922188582
Victor Martinez,1468.6864133482923
Jordan Espinosa,1468.6851020317526
Gadzhi Omargadzhiev,1468.6834238564243
Danny Downes,1468.6644488876718
Josh Shockley,1468.6394769952249
Kyle Bradley,1468.6104090886404
Pat Audinwood,1468.5974163529525
Josh Sampo,1468.567624305696
Tommy Hayden,1468.5408098173307
Mitch Raposo,1468.5232640246359
Sarah Alpar,1468.5074003820225
Konstantin Erokhin,1468.4980787006716
Cj Keith,1468.489777806018
Nick Fiore,1468.4796358942594
Jonavin Webb,1468.4610998499911
Jeff Cox,1468.4433914868434
Joe Brammer,1468.4389173429067
Edilberto De Oliveira,1468.429889313226
Townsend Saunders,1468.4168439792911
Danny Mitchell,1468.3973503072061
Keita Nakamura,1468.3822729177173
Carlton Minus,1468.3583512700818
Brodie Farber,1468.3456526434798
Michael Kuiper,1468.3038525439658
Anna Elmose,1468.3018280515528
Shana Dobson,1468.2930988556998
Nick Penner,1468.2915078298138
Rodrigo De Lima,1468.2717298539376
Cameron Vancamp,1468.2352005327887
Eric Wisely,1468.225959595189
Yohan Lainesse,1468.207574391064
Dakota Bush,1468.192334743686
Reuben Duran,1468.1477810615077
Ashkan Mokhtarian,1468.117704261858
Silvana Gomez Juarez,1468.117702591898
Hernani Perpetuo,1468.1155781209295
Adam Milstead,1468.1103649385768
Pat Schilling,1468.0996198623789
Rob Yundt,1468.0859939092838
Nick Aguirre,1468.079023704847
Zhang Tiequan,1468.0763963155493
David Dodd,1468.072564804227
Yusaku Kinoshita,1468.069136244723
Wendell Oliveira Marques,1468.067601496311
Kay Hansen,1468.0661832347098
Danilo Belluardo,1468.0661178732219
Vince Cachero,1468.063975207417
Colin Robinson,1468.0601055225577
Jai Herbert,1468.0542776135683
Bernardo Magalhaes,1468.0461229496857
Ronys Torres,1468.044187346611
Danny Abbadi,1468.039993745374
James Bochnovic,1468.0385360893365
Cesar Arzamendia,1468.0364105103088
Seo Hee Ham,1468.0352210185765
Nolan Ticman,1468.0339081301693
Joe Veres,1468.0338330211207
Sam Fulton,1468.0338330211207
Chan-Mi Jeon,1468.0337506537273
Marnic Mann,1468.0337200724052
Yuri Villefort,1468.0336392973593
Ulysses Gomez,1468.0323497647144
Leo Kuntz,1468.0314408363338
Wes Combs,1468.0302937592603
Nicolle Caliari,1468.003249025952
Steve Judson,1468.0031784536388
Mark Holst,1468.0015544510898
Brogan Walker,1468.0
David Kaplan,1468.0
Lisa Ellis,1468.0
Razak Al-Hassan,1468.0
Jacob Kilburn,1468.0
Chris Indich,1468.0
Chris Price,1468.0
Donny Walker,1468.0
Shane Howell,1467.9981756410587
Alberto Uda,1467.9952154869136
Johnny Rees,1467.9759962871249
Syuri Kondo,1467.9748560663177
Cameron Else,1467.9709068323316
Carlos Candelario,1467.9676470819547
Elias Garcia,1467.966511022866
David Lee,1467.9663546731374
Anton Zafir,1467.9568725291133
Micheal Gillmore,1467.955608253215
Rosi Sexton,1467.949182751945
Victor Valimaki,1467.9454809045142
Houston Alexander,1467.9385796312706
Joseph Holmes,1467.9289004166797
Jimmy Flick,1467.910329531726
Tom Deblass,1467.8884531345363
Bruno Silva,1467.8499434722373
Ryan Macdonald,1467.8036730744525
Dashon Johnson,1467.7908747116749
Lucas Alexander,1467.7731513434949
Ross Pearson,1467.7462063762648
Gabriel Miranda,1467.6983144076623
Chase Gormley,1467.66760590864
Kaynan Kruschewsky,1467.6371871617978
Maheshate,1467.6334219179487
Leonardo Guimaraes,1467.59405816717
Marcos Mariano,1467.5837496333058
Ivan Erslan,1467.567663866436
Joe Vedepo,1467.5239609077585
Michal Figlak,1467.5154136492063
Gloria De Paula,1467.4814307215881
Kyle Stewart,1467.4761411108177
Jonathan Wilson,1467.4722953159562
Samy Schiavo,1467.4456418154691
Anthony Lapsley,1467.4455429800087
Diyar Nurgozhay,1467.4436886990707
Todd Brown,1467.4242228862665
Besam Yousef,1467.4157599599885
Maria Oliveira,1467.4085352899554
Marcelo Golm,1467.3974161344067
Charles Byrd,1467.3935210843035
Cain Carrizosa,1467.3894542979629
Vik Grujic,1467.3626451588043
Ali Alqaisi,1467.3585262252345
Richie Vaculik,1467.3525901893788
Kwan Ho Kwak,1467.3243560351773
Cristina Stanciu,1467.3217153063915
Motonobu Tezuka,1467.3097296426217
Suman Mokhtarian,1467.2949325695129
Juan Adams,1467.2921968672842
Chris Avila,1467.2804674605134
Kelly Faszholz,1467.277703495575
Randy Costa,1467.2771927280157
Xavier Foupa-Pokam,1467.276797937907
Ross Pointon,1467.2714534727822
Luke Caudillo,1467.2654717939452
Emily Kagan,1467.263693206478
Boston Salmon,1467.240915140189
Rachael Ostovich,1467.161183622403
Yoshihiro Akiyama,1467.1491905708417
Rin Nakai,1467.1015822309328
George Roop,1467.0303137223993
Jorge De Oliveira,1466.9812385766888
Aleksa Camur,1466.9481251882873
Daniel Jolly,1466.947100381876
Nate Mohr,1466.944617248277
Josh Quinlan,1466.9257960037437
Steve Kennedy,1466.8495905282941
Antonio Dos Santos,1466.837497903238
Yoislandy Izquierdo,1466.820073559677
Emily Whitmire,1466.79836896223
Darko Stosic,1466.7523359439265
Drako Rodriguez,1466.7087228649093
Steve Steinbeiss,1466.704559079172
Zac Pauga,1466.7023198977845
Cody Donovan,1466.6778290780037
Roldan Sangcha'An,1466.6551038828545
Mallory Martin,1466.6428047473746
Tamires Vidal,1466.565069853308
Jessamyn Duke,1466.5319312702923
Paulo Thiago,1466.4771026481612
Josh Neer,1466.4687470910922
Dave Menne,1466.4151270651637
Walel Watson,1466.36981241774
Grigory Popov,1466.3528804567372
Ivana Petrovic,1466.321063890041
Charalampos Grigoriou,1466.206400495079
Henrique Da Silva,1466.1514364113582
Cj Vergara,1466.1234780869333
Daniel Spitz,1466.091216691456
Cody East,1466.0319390164593
Alvaro Herrera Mendoza,1466.011378423234
Liana Jojua,1465.801269811597
Justin Eilers,1465.6939192751568
Mac Danzig,1465.6884483517697
Scott Smith,1465.617737728435
Barb Honchak,1465.5866420195566
Jenel Lausa,1465.5622452052198
Brad Scott,1465.4706254261368
Miranda Granger,1465.4613715152907
Victor Altamirano,1465.4535923241044
Jason Gilliam,1465.4113358849384
Abdul Razak Alhassan,1465.3894987987708
Yorgan De Castro,1465.251846819673
Cody Gibson,1465.2312728242737
Dustin Stoltzfus,1465.1569550017923
Yves Edwards,1465.0273246429151
Tafon Nchukwi,1464.7956887987011
Andre Winner,1464.659491268635
Dhiego Lima,1464.0380223032773
Cortney Casey,1463.9916770836498
Bethe Correia,1463.726359291071
Julian Marquez,1463.5579611484225
David Zawada,1463.415523664179
Fernando Bruno,1463.298845872004
Aaron Riley,1463.1502583212232
Toshiomi Kazama,1463.1160240504798
Andre Fialho,1463.0478206565258
Jamie Varner,1462.815224220645
Wellington Turman,1462.8115929987111
Marc-Andre Barriault,1462.639031334194
Michelle Waterson-Gomez,1462.60330514047
Kaan Ofli,1462.5054395111858
Horacio Gutierrez,1462.4963511575859
William Macario,1462.4906518019234
Mike De La Torre,1462.3801322889897
Pete Williams,1462.1845708180088
Jessica Rakoczy,1461.8339722803935
Enrique Marin,1461.7377332540013
Kevin Casey,1461.6325216028595
Rafael Cavalcante,1461.3811230339945
Sam Alvey,1461.1529823279632
Jeka Saragih,1461.1239318979108
Tommy Speer,1460.9767367202494
Seungwoo Choi,1460.945683168532
Jared Gooden,1460.9174198077503
Alessio Sakara,1460.4800044466158
Dileno Lopes,1460.4274526429301
Hayder Hassan,1460.3683485189692
Amanda Cooper,1460.300352278059
David Mitchell,1460.2352397177233
Tom Watson,1460.1208984111768
Charles Rosa,1460.0937940551225
Colin Fletcher,1460.0
Leonardo Morales,1460.0
Frank Trigg,1459.9026422794814
Lina Lansberg,1459.889260602799
Dominic Waters,1459.7876995229392
Matt Van Buren,1459.6366325456872
Jason Miller,1459.4790663395222
Takashi Sato,1459.0551478541956
Kamal Shalorus,1459.053963585124
Junior Albini,1459.007058615229
Pete Sell,1458.9524580742723
Eric Schafer,1458.8666933299437
Andre Soukhamthath,1458.7172486060554
Marvin Eastman,1458.7042748442836
Dave Herman,1458.616866765156
Marcin Prachnio,1458.614748134352
Mitch Clarke,1458.6000011775238
Sean O'Connell,1458.3787117966592
Kyle Bochniak,1458.3219495818328
Tra Telligman,1458.1142346374081
Francisco Prado,1458.0510989305392
Alessio Di Chirico,1457.928131473275
Mike Massenzio,1457.912096475921
Jordan Griffin,1457.899118346878
Dan Lauzon,1457.7135370984543
Malcolm Gordon,1457.7044028319824
Gilbert Yvel,1457.556071748224
Daniel Teymur,1457.548839275054
Polyana Viana,1457.5019102049496
Assuerio Silva,1457.4271419391134
Wes Sims,1457.3253595367623
Dominique Steele,1457.292735206694
Shane Campbell,1457.246348261677
Dylan Budka,1457.082992558901
Artem Lobov,1457.0443421409186
Henry Briones,1456.9138971643972
Victoria Leonardo,1456.8229136252548
Sabah Homasi,1456.794983215867
Matt Grice,1456.7465064416654
Eddie Wineland,1456.6127674307052
Kyle Prepolec,1456.4798127574006
Brian Camozzi,1456.4058870563858
Tim Hague,1456.3604370512203
Jessica Aguilar,1456.3157682447875
Bobby Hoffman,1456.2744521291809
Mateus Mendonca,1456.2155742244277
Erick Gonzalez,1456.1140468673723
Charlie Brenneman,1456.080034486967
Vinicius Salvador,1456.0732785377809
Garreth Mclellan,1456.056326476256
Mostapha Al-Turk,1455.9414255926333
Charlie Ontiveros,1455.8623753964773
Justin Buchholz,1455.7552032856072
Eric Spicely,1455.7069622442832
Edwin Dewees,1455.688654830602
Alex Reyes,1455.6202276470206
Justin Edwards,1455.6129199883026
Felix Lee Mitchell,1455.603161605066
Salim Touahri,1455.5863727965652
Alex Chambers,1455.51007323766
Kris Moutinho,1455.5015144954125
Lukasz Sajewski,1455.479731781885
Darrius Flowers,1455.4642145921325
Viktor Pesta,1455.4642075754098
Hannah Goldy,1455.4340058786643
Ryan Benoit,1455.4029235025841
Gabe Ruediger,1455.311043385242
Bobby Nash,1455.3013305750908
Darrell Montague,1455.2731104683244
Jordan Williams,1455.241934819243
Bec Rawlings,1455.185832829026
Mike Rhodes,1455.0539780774063
Oluwale Bamgbose,1455.0104589711486
Rodney Wallace,1455.0088848498938
Estevan Payan,1454.9962561892266
James Llontop,1454.9905697178556
Markus Perez,1454.9524383377661
Jason Reinhardt,1454.9195468665494
Ruan Potts,1454.9070169616764
Andy Enz,1454.8420618214786
Bojan Mihajlovic,1454.8105310282094
Hector Aldana,1454.7847287056222
Tim Lajcik,1454.7341621914406
Phil Harris,1454.611281168543
Dan Moret,1454.5691129916008
Roger Bowling,1454.4855642462992
Jared Hamman,1454.4846153906108
Rolando Bedoya,1454.393005489434
Rafael Cerqueira,1454.360978761508
Marcelo Rojo,1454.3372534142775
Darian Weeks,1454.255748980796
Saimon Oliveira,1454.2244664107925
Blood Diamond,1454.2242896801895
Ramona Pascual,1454.2184738202163
Kiefer Crosbie,1454.1726191249766
Kevin Natividad,1454.1513730828062
Gideon Ray,1454.139547183129
Harry Hunsucker,1454.131284885125
Jumabieke Tuerxun,1454.0352375214031
Shane Young,1454.027695234333
Damian Grabowski,1454.0190296530525
Justin Jaynes,1454.0008178000066
Shannon Ross,1453.9166611614494
Ashlee Evans-Smith,1453.8204990185552
Domingo Pilarte,1453.8132568923468
Iliarde Santos,1453.7357893723802
Niklas Stolze,1453.6969464655783
Jay Perrin,1453.6226539056147
Sarah Moras,1453.622184053579
Denys Bondar,1453.5910429309934
Jeremy Larsen,1453.560512372788
Jeff Curran,1453.5240383364114
Antonio Arroyo,1453.4714458930307
Jared Papazian,1453.4571361179153
Fabio Cherant,1453.4488320634928
Yoji Anjo,1453.4349864649196
Jocelyn Jones-Lybarger,1453.4004140017898
John Albert,1453.3970557498858
Randa Markos,1453.2767949086426
Josh Parisian,1453.2678706574757
Jake Lindsey,1453.1328073589705
Angela Magana,1453.1053126065951
Vinny Magalhaes,1453.1008812454193
Zelim Imadaev,1453.076256134065
Daiju Takase,1452.9950168066648
Diego Saraiva,1452.9017206399924
Connor Matthews,1452.8600838786551
Mike Santiago,1452.8594510612027
Joby Sanchez,1452.818405402118
Jessica Penne,1452.8061304235334
Roman Salazar,1452.7583145465196
Garett Whiteley,1452.736306793522
Cole Escovedo,1452.736306793522
Forrest Petz,1452.6698254555813
Rayanne Dos Santos,1452.6669451521911
Mohammad Yahya,1452.5679598035101
Mara Romero Borella,1452.5164996406925
Caio Machado,1452.464983317212
David Abbott,1452.4393975602065
Pat Healy,1452.383300768084
Mark De La Rosa,1452.3122325699985
Jessica Eye,1452.2887020315193
Kalindra Faria,1452.2426368009621
Damacio Page,1452.0972682969852
Wulijiburen,1452.0929506641444
Roque Martinez,1452.0630909239658
Dusko Todorovic,1452.0540024911543
Hu Yaozong,1452.0161100857863
Dmitrii Smoliakov,1452.0033174566074
Jesse Forbes,1451.6129642417716
Genaro Valdez,1451.547397136036
Hannah Cifers,1451.1393703249971
Dalcha Lungiambula,1450.9244297686787
Jordan Wright,1450.585540628895
Ihor Potieria,1449.3701675962661
Roxanne Modafferi,1449.3223899993836
Rafaello Oliveira,1449.0705951772975
Kris Mccray,1448.8988984924354
Tonya Evinger,1448.8700894468764
Don'Tale Mayes,1448.585436231471
Frank Camacho,1448.317937888407
Marcio Alexandre Junior,1448.3057982272169
Nam Phan,1447.6946077111813
Robert Valentin,1447.5776434313775
Brad Pickett,1447.2896930935292
Ryan Jensen,1447.216631425055
Gian Villante,1446.9085175913472
Josh Haynes,1446.5818152913405
Brad Imes,1446.2222056148735
Rhys Mckee,1445.6896167993739
Jorge Santiago,1445.563312429357
Phil Baroni,1445.519383605434
Austen Lane,1445.4437763686435
Takanori Gomi,1445.3521768357673
Thibault Gouti,1445.262787990186
Austin Hubbard,1444.8248007568213
Jake Collier,1444.4208833666753
Jay Hieron,1443.7286716547196
Mike Rodriguez,1443.6686077321185
Dan Argueta,1443.4582515936142
Denis Tiuliulin,1443.2011176324863
Andrea Lee,1443.1811587215934
Khalid Taha,1442.6758584580023
Diana Belbita,1442.5040575417445
Jesse Ronson,1442.308370968142
Gina Mazany,1442.17450253683
Daniel Lacerda,1442.011089659044
Anthony Hamilton,1441.990393985243
Anton Turkalj,1441.9730710938504
Ricardo Funch,1441.7941640654894
John Phillips,1441.7857086906151
Jp Buys,1441.5966114783928
Khadis Ibragimov,1441.220972031476
Zarah Fairn,1441.1659957963757
Dustin Pague,1441.012604302851
Will Campuzano,1440.9897761680481
Alan Baudot,1440.707019387429
Jinh Yu Frey,1440.4133558759106
Seth Petruzelli,1440.2711845638855
Tiki Ghosn,1440.247245187361
Fernie Garcia,1440.0457334756652
Aaron Phillips,1439.63011025626
Maki Pitolo,1439.5247704177707
Wu Yanan,1439.5207421227951
Keith Wisniewski,1439.360863978981
Andy Ogle,1439.2250676510005
Scott Jorgensen,1439.1143553416869
Dequan Townsend,1438.9745905671425
Terrion Ware,1438.839091268307
Edgar Garcia,1438.7020435313452
Alen Amedovski,1438.5521268901432
Bobby Voelker,1438.5484145292419
Liang Na,1438.3999465424758
Josh Grispi,1438.2932411417453
Martin Day,1437.9828957546308
Julija Stoliarenko,1437.9055346699693
Jerome Rivera,1437.7256720513324
Vinicius Moreira,1437.6814715791638
Steve Cantwell,1437.6748916759702
Jodie Esquibel,1437.493133865785
Ike Villanueva,1437.4230429616207
Ji Yeon Kim,1437.346398985198
Joe Doerksen,1437.2911055153477
Vince Morales,1437.1533150464318
Kurt Holobaugh,1436.0276766653487
Gilbert Melendez,1435.9768008739734
Hector Lombard,1435.5266299938214
Lukasz Brzeski,1435.2928402722132
Brandon Davis,1434.691873135702
Joshua Burkman,1430.5136259305546
Ashley Yoder,1429.7864432468045
Michihiro Omigawa,1429.7306852952106
Elvis Sinosic,1429.3571533462648
Lucie Pudilova,1429.3245049224752
Naoyuki Kotani,1429.1427266138685
Mizuto Hirota,1428.9689131949935
Jared Vanderaa,1428.3285371962945
Kailin Curran,1428.2932440883872
Istela Nunes,1428.279304011945
Igor Pokrajac,1428.0917549146477
John Alessio,1427.9938229516692
Phillipe Nover,1427.380609047052
Zhalgas Zhumagulov,1427.3224883284126
Jamie Pickett,1426.7877930899342
Leonard Garcia,1426.5221435151204
Sean Soriano,1426.0419247896036
Chase Sherman,1414.3660491541145
